{"version":4,"hash":{"type":"Buffer","data":"Fpla5x63buN1hyxXUrvAP/IpJQ6clKYKwhTPFrSw9eGKIYLXlzEg1JhzzvX2B1tat/UhBE7pVuqdoWPHlohX6IkVmIeWd42bp4uoxtCjx2GYYoeWeBst5DnxRQ1PCWQLM9s3HWyF1YJIoo5nihdG4tI0aL2tCa5O0gUWj3UwVPI="},"indexValueMap":{"+Uk7CMHLWHrey0e80iU5TxOalVJ7d8A+Gu6s19mJbYs=":{"valueMac":{"type":"Buffer","data":"qhUG6aV9glo6x15C+TVOYEhU1xhpUp3kZ9QZiqlXMzg="}},"sAkyG/f5+WCwdPqVTWXSaAcmIduyvf+ibPwIH+DwjNE=":{"valueMac":{"type":"Buffer","data":"NcK7potUYi2duAtQ1MQnMecqJp+yww2hKznjcFssv2s="}},"RjEteIA+XBRvjRCLlKrKGI10Jfbwe/f0qWqOahS/LJs=":{"valueMac":{"type":"Buffer","data":"Hfz+HKS3k6XTnHhy5X3aMp7njGHMW2VlVMo2p5VA4FQ="}},"yo/fC7eG/sMXYSpP5BN1ULbMfIXBDATWqsbo+iPYCs8=":{"valueMac":{"type":"Buffer","data":"F0K3JL5ifYGAMk6YdJxPV2Sjy+iEtAIAQr1p5J2MzOU="}},"a5ezBjggE/fsrp/WHnhkAQ++sQH120JPPq5K1qJL6G8=":{"valueMac":{"type":"Buffer","data":"fNoxYVqMU8MTC6mn8x85gUzCmT0beHzsHg7ll5IFP/g="}},"YdvGZl3lbLUoz8s2voxBPxcZFGQAc4z/3cHchVydjbA=":{"valueMac":{"type":"Buffer","data":"KZhRjnBByjHt5tpqs6u5vBJvu2kmW2PVvOVSmvEv/yg="}}}}