{"version":2,"hash":{"type":"Buffer","data":"iC3WYJw+72+SbP9fEQ3JGY3rBC0pdRQgEHcuibhQX9v9QFC+CIooqG6o1+wZeaSIfEdC5/wDVRsSzkZYMzozetpPQOeCH9YOIXoviiNFb2FlZBLj1fA9KD0fmMYMwrQKFa/DLuETbQvtUgLQDNIgalL7e/mDPOPKcOpbv2HZdkA="},"indexValueMap":{"E1Lv683+BFYrqlL/VIan6OCAJBM4R4cYUJ2iNUQORzw=":{"valueMac":{"type":"Buffer","data":"hJ6FjwVvrr5I+W0jtPqKgM4hKuKEVeVEc18oAX9ZgGM="}},"G/xXU1Rf0OxmVL3s7oHV8FJ1Kt3bYV2fi/E6Ui+Fvfg=":{"valueMac":{"type":"Buffer","data":"o7TM9Kv/kJQWDGfIYUc8Yr+z2MWOPDcoWjKrn3zGPVE="}},"I5y+3zDRxQOHsqlZ0G6T3nuuDKIF6DLcffLi+v2whQs=":{"valueMac":{"type":"Buffer","data":"/6qLhvdW3y7tF+Rv5ZEelEsSVobEmTgcrKAq8nWnOxk="}},"WBgpeQtNvaGVmBwtesT9QE7cISSftbZrgfU4MM0+6g8=":{"valueMac":{"type":"Buffer","data":"/wXg7IjbCv2PnVqoaIxkMDi6/1YO1ioOKBCeTuFbgK4="}},"qaceztgurTco75Nvc97sR0BDwh3umeKGBKBlVVOtKtw=":{"valueMac":{"type":"Buffer","data":"sueojD3oJ3Wm5XPyLYs5/urJZ+kkwbqpkT4rlqv2qXQ="}},"wv41STLRAegAsQsHwlK3zOtE1ZwhAg9c1bPnK8GSemg=":{"valueMac":{"type":"Buffer","data":"Q8g/ogr+x4PEbPZtgMJawFGkizrQbZyM1nXxYGeyTa0="}},"3aUJjRFegyxZbxfTHa7uhovC3AciiPKXLO63jP5LTVw=":{"valueMac":{"type":"Buffer","data":"SXhG570oO0rbmaz2ZDmcSoU9irMgEfbX5Zr05lWqYfY="}}}}