{"version":9,"hash":{"type":"Buffer","data":"9hKxF6qyIF8moyjNIenJYNZNOm23kUqDEhQ7d22jF8FV5eDAX6BrwZKxSWmSBS7c+pI3DX/xfocoKBNpoQdbVhozOlzwX9Avdy8AjgP5bO4MKyYklgwEuIuUrQ6EnhcPR2tOgigdsoiRr+5tOvKYLjCRFx8xq2xC3FM7ei0LccY="},"indexValueMap":{"AM1GYKmPkyxQxVUIpn3+ExtR6Si5TX2uTdS2eTWHt4s=":{"valueMac":{"type":"Buffer","data":"PFH6b3a0s7V0dnnGH0lfS/Ea8n1MY3IVPdqfvThrk/o="}},"AOCpBqUkLt2FFUKzD9EFZseDFKODBp1j/LOk3SsTBkc=":{"valueMac":{"type":"Buffer","data":"e+DDpgYL/Er8cWH2p14VdMDbC+hvq65k9qRAl7ic0pY="}},"APQl9gIfNvuw2r8RfP+5mRX4KobxUdP4xDPfwqzHQXk=":{"valueMac":{"type":"Buffer","data":"KMZzPsyZufBENKvuG+srtxMWilKjtwYTL5q691qnCbY="}},"APYb1SaZ5qB8ns9YcD4/F492PSV9ZxBfOg95YYC8Vjg=":{"valueMac":{"type":"Buffer","data":"JMHtY7nL83C+gUBmLiVjqKsc7qWYHMTOYzlTB/Ws1DA="}},"AVK2z2igxKZr60RqcekS+R/fpAaQK6iaUWda/gXKz4k=":{"valueMac":{"type":"Buffer","data":"c64bIAbCeADfHOfLvk0XArPZKCE3dPyAQJ+YgI/Nig8="}},"AZzCpXV9qm4nEQVY8NJ9kp6HNnoByAia+2MyyEl4Gks=":{"valueMac":{"type":"Buffer","data":"uNvj9qN53YOkO7qzXsi0o5ewngASo/0aXVCZU2GPitA="}},"AiHPMJIDBZmUiVSyos9girKqV5BAGTg/4mQpcdKswZY=":{"valueMac":{"type":"Buffer","data":"04PoiR6sUPCRl8ecNp7BJmLcu1Xt1cciQxa5dNd0AB0="}},"ApK7zDLSWmENPc6uAQmt8IiNTIv2StRN5A+6eWtCuEA=":{"valueMac":{"type":"Buffer","data":"7Jr+VTTBfRXI1s4Sxilpr53ciHrtLdjWkwMD8kKhBgk="}},"Au9wZNfoji/6Q/NF2pNbF8+5L2midjAdFJRgSWJI4Fg=":{"valueMac":{"type":"Buffer","data":"kRHWArPZATY4140SEZWlfD8LiQUadt8Cik357NjHf2g="}},"A6U3y8IVxozDD0cmchHFA92TEEvpzuRE8XthdY02Slo=":{"valueMac":{"type":"Buffer","data":"3A0r6PYwG1qanwws6f2HNrc+PzTZcRht4bChbbI29iw="}},"BP+ZpVtY23N+npfgj421xGbLvJfWpiMtkDrzieObFTw=":{"valueMac":{"type":"Buffer","data":"T49OJe4cGDMXJBkyJrZnPLh+FyaA00VgZg8OXlYtaEo="}},"BbBxsZ9RSQzF4+AGRVuQFHfFOepGil7kNMejEhloqbg=":{"valueMac":{"type":"Buffer","data":"BPtCQk7OhIqItHIsLniZ0TPYWdxgNMNFBAva4Pjz1eE="}},"BbVnSDc6CxfMYTbtxuZRNvjK5+r0opyoHvQgVHKjOzY=":{"valueMac":{"type":"Buffer","data":"nKQ1/6EWiOweAC2/oI53VqHhIzEmAB2ycGy1/n34rSU="}},"CNCx5pgalFckqRHiOE22z3YDhCFsmrweBZ+Ag4zvyQk=":{"valueMac":{"type":"Buffer","data":"yhIgrJxUCVTXGklaU7PP3BUbUHd8E+CQTy9zLMxjBn4="}},"CS9O9ZkriqUZkSMEjDOky/gYrzJZej/31n4V+NCf9N8=":{"valueMac":{"type":"Buffer","data":"gzjFUlCGC+Z6GXt8oEpA44whkuEgWbzDDkPuL5yLpRc="}},"CffG06fxnhyV1XNUIppilC3vXG84O85pgp6oENhNtUY=":{"valueMac":{"type":"Buffer","data":"Jxd4ghulQDKT3BZJQi9Kqrqna3xWvKoiA8/DVhlSujU="}},"C3HVxoPGQ0Enqd8dXBwMZk5MG+9JdblaaHWoFE8WYuU=":{"valueMac":{"type":"Buffer","data":"zqgEaq1T5wQI/2zIr1UF2Zm/k3ozP5neXgyPLI1T1RQ="}},"C4Q4krYEhJ2FnJ0OFjXACgN8Dq3da1nKHFG1bpZ/VaM=":{"valueMac":{"type":"Buffer","data":"AtdvZr59myD0LiweLML9IuzlSoZRklgJF38b1ME9BQM="}},"C4xkdMIFkMDy+QVb24gdsfeXamP9IlgSfpzHm9D8KUM=":{"valueMac":{"type":"Buffer","data":"Fqfs+Tgr8xKPrpAwxbXviJ1lmxfWBRA2oTBs9Xo7Tow="}},"C+qrWY2uqyxoipfQDOivG7y5G4APUj8ZFyu18o95PAc=":{"valueMac":{"type":"Buffer","data":"EPvVUsk0ySpj43DnHDewM4B2RFHu+9osigA22/kJsS8="}},"C/10Wj+RmUZ8/BEbFV6pxiZCAXmYTbFd1sDATFYNdsc=":{"valueMac":{"type":"Buffer","data":"1l9Z+/oBWSkMRuX48uYe6MRnWNDBGWMVLlcJjk0KkTI="}},"DGEzaB+yf2oaWl6mb7DSVurLYTVWv6+LYAExUM2icTU=":{"valueMac":{"type":"Buffer","data":"GZdCXGYp4EJv4ODKick3X5Wn7mWTnjtR4maSRyyNlSM="}},"DI1uyMXxBP8NTbsumMgsI3nAiraa3MCi18CS6i/NEiU=":{"valueMac":{"type":"Buffer","data":"0QjW96tGFFiDmbZuRkBDmpCZdBltj58gNIdwkL8XDb4="}},"DLroWP6iIoYVet1cTkL8EupaRNQBetSSKZI+4QnTfuQ=":{"valueMac":{"type":"Buffer","data":"fECfyKpRtKFhnQap2z0VbIW9VJa9VwWgqOiOjPKeGpY="}},"DVxHYNuAJfnM5nAjjgH4upCUM5uKDc4bAkp4nFG+f3g=":{"valueMac":{"type":"Buffer","data":"nZx3gltd7kTf2DCvwDapxJGbKtU6eFEiCrd9LAgscS0="}},"DXEgInwV8dM4n9E2niUQARYBPEXP6CMI8LILBb9m8+w=":{"valueMac":{"type":"Buffer","data":"7Y4rzk6dtl8MzMJ0SwE20igij9zwbx/ZS7sjizjQp5o="}},"DXKOiKMY6EVMEGz9xVUz9OEazJJ8QkdRDMMCVqidLo4=":{"valueMac":{"type":"Buffer","data":"Y/UUZyJRV4Bn8V/KmJx8wqje/Z2ghvSoGDhchAfHkNw="}},"DZMiLrdHdoILLidNw4FM30EV3Mr45BTOViF9qpDibho=":{"valueMac":{"type":"Buffer","data":"wJJ2zF9zKuoaTVuMIVBH6Z734CzbWLaxTf5m+g781jY="}},"Da7ZdDR8jpBYSU6L0E1XYJeexlno2Nc9O5ndA3U1/nU=":{"valueMac":{"type":"Buffer","data":"9n18mIKl7bDJLLU2KB49+2iWLsPln0y2UdSxSn4HtNk="}},"DjBVOwr4kN8ohJKdFjkhD4EcLySmQWDzdEc+UHxsOQI=":{"valueMac":{"type":"Buffer","data":"9BS2ifAvhAQl2+7du1ebcSpqWINFHROZv/rhXpSO0Zc="}},"DmMwJwVQoytIvhhurYxgO1GGL4HrclBVbqqegujTVW0=":{"valueMac":{"type":"Buffer","data":"eORFMAaWYHfd9qPQSQcdqEn5SfxlH7OlrxIKvaUxYq0="}},"DywdP9z0bKgO7viu7HDCPEMbRa5Xp8lJOd8tprrNdFA=":{"valueMac":{"type":"Buffer","data":"fH1YtuMTIzP/7C4/tHRjkMqOtb7UYOJTDsEF6h+MKPM="}},"DzhKwMdvjaJUc9xV7N5EuqL7NXiGJ4dfLwZJgzPiS6I=":{"valueMac":{"type":"Buffer","data":"1uo8hAPqS7BToNm6P4gKKVljgnPQyavWMUOrdYR4AyI="}},"Dz9EKTAxF/hQiaa0ElIneKDDukPDHwTlcvOqyr1z35s=":{"valueMac":{"type":"Buffer","data":"sJDZmvcoR7KLFJQe0IXhK0P3ZiF8o0YrzblBJQxHQOs="}},"D5lk+aPkVBo/ye8fmtf5norwQID0BNbs8j+J6vAsBbE=":{"valueMac":{"type":"Buffer","data":"XcHbneCrNMfRjjqmbftFbWahvRkF7CO80CPnA7+01tY="}},"D6KcIQtudEz1EDznePlhzzx89VsTcrkbZ506l1Gj2dU=":{"valueMac":{"type":"Buffer","data":"ExnT72ddHiMuIBFtf22jTvTgNLn3w35uRVsmccPXH9U="}},"D6h5P6+7Oy7u6FEGEjxB4328juDA2HB2Yqb32Tj29Kk=":{"valueMac":{"type":"Buffer","data":"zLKN5sXSK61HT7EkVvh0GpDsTjC22+ZoT6l0B1aIeD8="}},"D+2kD+knTAqKQg6Pnf2XmEDBDBeCRD59yq8wORrpQf0=":{"valueMac":{"type":"Buffer","data":"/ZZmfX1rO1NvR1PQQcm682Mii6SOZbfw5YCYJHyGKs4="}},"EEsGZcvBybf4oUJqPILxHLWGAQX9mRuaNU5cITMcnBo=":{"valueMac":{"type":"Buffer","data":"oJlrv5RLSy5HTGvUpaGsUvkbZfwvx8q4bVxMuLo5y0A="}},"EKu3diQEB/lfRHz81QBqZZAgNR0F5NqEmPtYX28pnbk=":{"valueMac":{"type":"Buffer","data":"b0Anow6cQP/AQcWgP7EtiYlMvll2W3eEvHkvxxlmwPU="}},"ELQ9hkOL60JayhqCzGlMWlvo8UhnDnTJYR6Dxp1dzzY=":{"valueMac":{"type":"Buffer","data":"HyxmjBnuBsYKw5Tba1GqqlxsxwMP3ePVSw+FbluaEbM="}},"ESIsgTL/RyEKacpay0b9dTfOV4IGU0Flr2GHREgy/Rs=":{"valueMac":{"type":"Buffer","data":"i6Hu9rMhdyX7PbELs6OsmV02aE8GFyFga0O+QaB2R7Y="}},"EdfVo0yWVjQYlISzGze7+m2EzcBj1J1QPbkygko4YTQ=":{"valueMac":{"type":"Buffer","data":"i/jxT0ugYr48AsLEJlaxRli6XQheWjb5KIfx0NjbiFU="}},"Ednrr1amBna/E5mjYN8vZiQVqYAIDx+zmzMHqKnaW08=":{"valueMac":{"type":"Buffer","data":"fH7991fW9IBKncxwWQsWAbMLPR47bGOIrZGOsLbroRE="}},"ExxXrkoklYi3TZWtVTbFjkc+S6d5X3Ux9wdBWwZ1Suo=":{"valueMac":{"type":"Buffer","data":"tnWylcK6AkeWQF9tPDUPIgi9I+pXAVtfWYOjRCm00qo="}},"FE/+fnNa4JlnzniBH2EL37vKqtIOzG7a+m+XBofdXUU=":{"valueMac":{"type":"Buffer","data":"mywKhEYangHqlwHCMdkjtS4XcCN2zI48x5pG869eZwI="}},"FXjYUmJbfAaqDizRwdGXD357Oar2Dsa3WE2+524iaSI=":{"valueMac":{"type":"Buffer","data":"7VVKS7ErNrl6MlceHt4HbL/OeY0Ygd4wIRY/MDiY3YI="}},"Fbv1mQU12Gkd7b+aHwSsx5jg4hhZgECLL7TABf8PCGQ=":{"valueMac":{"type":"Buffer","data":"G0e+jJdeqlvC/+USey5rkmpOgeM55gbcWcJeoscUZ10="}},"FhOH9MoWnM2oNqDkXGKSpg4Iei6ZzHGnxvGZze9z/eU=":{"valueMac":{"type":"Buffer","data":"fayyJEvNP9KM5BznZPT9flNhNYCv92E3Ts0VVc/GseE="}},"Fim17hqaIg+BCG4OXGjKDY6v7TvLOByO4MDb96a2Eqw=":{"valueMac":{"type":"Buffer","data":"TJCGyOHI1PLQL7xlcLmXbkZ5Okr9mUpyUzqM3dp7UeE="}},"FkdIY2AX+fEgVqD7MDMD7wGosG1MR5xUlivw8eBIX54=":{"valueMac":{"type":"Buffer","data":"oLZE9FEemd2xd3WAobFlXs70vqv0jY9FQujTiZ1T0C0="}},"FmrIgl8Wltpr8JiY5qBNhDS0NBvuwVn4FLvWkyVKknQ=":{"valueMac":{"type":"Buffer","data":"p6zWp2iOO8Tog+Uf8aeiIcqqndqKeAtavg/jxMguAoE="}},"FprpUGQPNXwzHGgiYvppV4M/MSBREy82giQ/s2EojtY=":{"valueMac":{"type":"Buffer","data":"CsXdbi2OvUoRvJGi8kdBlOljP65MkTeBNE/ONnXAKnw="}},"Fre3DtCc3WqZbl/tCG8X5d9zqs6Q+5EyiiVQruwzCgo=":{"valueMac":{"type":"Buffer","data":"fajPrpAvRt0aO4YXGONVS9/yt+bq4CvhLPTVpxn5AAs="}},"F3P4OaysK3SFgHF+GyzswPGBf65JJVCxTGMDI+u8MTg=":{"valueMac":{"type":"Buffer","data":"JqxQY+Jgk5kM+OTPSjqXcpaY3gbJg6nvRlDpjRg8F48="}},"F4M2dccYcW+3kZBD/RS4alNKf3ZkVmbdBiFfFTPeY3g=":{"valueMac":{"type":"Buffer","data":"cAoeYnvmLtFNqln/bHE5R3yYHOtR760Rdp9gG7X1wAo="}},"F/JK77nm+RE2KxwUbRWkL+4bppnTKw1UO6ceVTD1YrA=":{"valueMac":{"type":"Buffer","data":"uuR3cW9n/bvh66IpsW2IPxeIr+Lq7C3JLbakdRl/Wzw="}},"GDd5pXkDsgUwBbJQk1DsuEAIHkPcGQX18hCTPGoD5WM=":{"valueMac":{"type":"Buffer","data":"FYLg3HT06g/bJYFS4rXruQHkLLICFqe8KAfNTE1Uj2U="}},"GD23DUfm6Us2j+ylVXeNaYMSw8X8cdM4eFvjK/idE8g=":{"valueMac":{"type":"Buffer","data":"Go+W8q0kCWi0QbTYRLI1LKoIhe0ngZHCmHngLWN67Cg="}},"GLiEqT0v+EUl30fC0DcSUzGaHH+w9rMKECuXqQaxAsY=":{"valueMac":{"type":"Buffer","data":"Nd2LyS7+NsjsSxm/SQL45sudfPRNKrap9cjGx33xnlM="}},"GOfVYuzDD4wT949vcL9eTHY2vfAhH0Udy5DKMs9mu6I=":{"valueMac":{"type":"Buffer","data":"7juiQVsPnIH391mZypuFZ+5cNYgLQIvWGn6nzgShXoU="}},"GXPcYU6muW1U2F3hBqbkj1etRmhq0tA44+8Qc4/F1p0=":{"valueMac":{"type":"Buffer","data":"6H1AtJiKL9zs/DPrVumzdU7YNU/KA7UuWhaNPAFeqF0="}},"G3xi+XxxypHHwkHxE5FPsgs4N8OSx7h8i6vxK1vEEmU=":{"valueMac":{"type":"Buffer","data":"dckd0kOZ0gY5usIMV5RrIjp/L9nDhaxe7uWTPYB0jpE="}},"G+t2mDTwQ5lj2wszOn2+TnTBqFBnMHGYdO6yIs8naoU=":{"valueMac":{"type":"Buffer","data":"Y0LlxLBwFQlY6YaRzF5L3Su2unH3pSoDr5yAieugoNI="}},"HDXgTk99ec5BDUW5r748fwBPLpzzx1mY//48ZWGkl4w=":{"valueMac":{"type":"Buffer","data":"QjZV0AoLZOkvHLm+qYuSkmdOaYcXh2apIkXhJTOHqOI="}},"HK/1abz86wkdvsxVw0hY5X2gg+bmxU770K3rbDgpsCM=":{"valueMac":{"type":"Buffer","data":"IRrWlm75CZ7Puv+f9VTzRafC+43BxXxlt/DUIGB9XI8="}},"HVaapqJ/Vp/16xqM/BOSrgHBXNL7gIxLHLvOQOVZWiI=":{"valueMac":{"type":"Buffer","data":"iJ6bSi8DwsXme+uHXYYaNunxofJSpUP9XwUnsNRMWLw="}},"HX2I6QpOKwlXVG0qrORGC4zCbu03RADnJjod16i3Ay4=":{"valueMac":{"type":"Buffer","data":"Kps31pEfY2xP+batuWPoBa05wN4TA+tBhp7fyeZljx4="}},"Hd4TNww9bibSaXDiNy2Qg5L5Bcp3P5octEsu2DfIpsQ=":{"valueMac":{"type":"Buffer","data":"sSKlfisBGqZPs18MBWDboADh7HEKLnN5I7ctQnmuhvw="}},"HeGH61d3dFkCeZr34icY6xluWE3iYqtRW5dgdlX2pwY=":{"valueMac":{"type":"Buffer","data":"8lr4NFN9Dy+bvSv7F55WrbNGvh3PSuRQkav9lLMMUMM="}},"HeWIJ0NegmkoU9qJeD/1I1RUmWrOJAI6kgSXuycUurI=":{"valueMac":{"type":"Buffer","data":"tsdr9+8BJQZKASM+GBCC+FwSlZ+M0iuGpQ/ySY9BkwM="}},"Hon/Oic6osRpp4M7Zoe4fDdsWVgiYZYsTrTDnDWJR+g=":{"valueMac":{"type":"Buffer","data":"eVgsgTLITsp2HfLNgwbmKSmZXd6PG56KCOGfqz4QYS0="}},"Hr8GmWlRsxNs/1uRO1MOH9sQTW1Osnb9WtrTt45Zbfk=":{"valueMac":{"type":"Buffer","data":"2mazcLneYkV36mrr+MChCbiRtvdPKNG0y7Nihb26jOU="}},"Hx6cfaGb97jQqt3+VfyJaRFIRBPTj901IaxAw3SL/AA=":{"valueMac":{"type":"Buffer","data":"hxoJQoUSVj/HsEnqdjBEINJB+MbFgg8ujXfoPCDKwmI="}},"H9GXM2CqbOHq9jk31mN3/vCjPoTd2f38JvbkL/TQlE4=":{"valueMac":{"type":"Buffer","data":"S4MR0LJ238w8QqiycYPlp8gtPR+AjNaLj9Qc8wCZlOw="}},"ICXZd+64UvYqY0apcvYW9wNHskA2JVLUQTq6DwNYqsI=":{"valueMac":{"type":"Buffer","data":"5AOR4iZg16pJbGE8WejIPUpPZ/4lwkNfPS/EXdq1RYk="}},"IFgMCXedAdrL6ZGBTyFW2aVJphlWFT42S/TulYc3gyc=":{"valueMac":{"type":"Buffer","data":"U+QMlsqd8nPLWoZZMTF/6G5y1aPLLFSCRV5DTy3h+Bs="}},"Ik7b8F2XG7nqfWeI0CNRNLKmMKvTzfPcDBqlcHkctZE=":{"valueMac":{"type":"Buffer","data":"8vRQGXDRUTxjdZ8dNEo9tjfqrJs/voymNWHhU/rL2Lk="}},"IsH0saX5DNv9+Bh2Ic5ty1ET+LP0+Fm8GgifJWY99Qo=":{"valueMac":{"type":"Buffer","data":"vYyPJPxCDm+C/+qaFmdhR0261hr/J8KchGgFiE+8Au8="}},"IymSj5yrmmsUivfZNByvaO1cf4BTExg2/zYGlXp+TOg=":{"valueMac":{"type":"Buffer","data":"isXSUKyg3CHRW+0Zz9lFvklfNo4jKQp1Rusl0LD7YwY="}},"I8s4Bmj2R00SbGbN7FMhEwZntRrSOBYxyuyZKjlkXd4=":{"valueMac":{"type":"Buffer","data":"Oe3hZwBDVCRUh+tcZTf8p4OLdnaHqdEfQHRqI90/29Q="}},"I+FIFebI3o8T6587tvWVyk2oMN7l2s3O+r0zjyCRh5Y=":{"valueMac":{"type":"Buffer","data":"w5rjYQZWI8zE2L9XR4VxvfP+tUvp/dVKddarnGrFwBs="}},"JIHU+jyCk+VxcxJlZUQ65KWxPdB/W0q/9c1aoUuah6c=":{"valueMac":{"type":"Buffer","data":"TI3Sl5g3ls/Z8x2K9GREU2HyGdZuZU+G26fhR4lx3gk="}},"JL7Q+PFc6zQ5Z2yJJRuPlevz9kSs2gZIVbZo5/OzF/0=":{"valueMac":{"type":"Buffer","data":"RdV+oek05Mxe4EH9uLfMtS+ji0J5AMRLWOW6KvTqbkw="}},"JQgbLLRRASbn6ViH7p/epiveVfX+4u5nXDoMDLTJqyE=":{"valueMac":{"type":"Buffer","data":"rbtEY0/T/f5nFyJ4P3NLucE/UU94xUHcdNhRN7HGOFU="}},"J4p+DvWiUo2OoXNFkhTGU0utsp0EFVSn/kt/kk7i/V4=":{"valueMac":{"type":"Buffer","data":"7fhGDOWQ31MaQSupEe54K4nf6kOg8sm+vaitqqzCHvY="}},"J6HRozscgA5pXXWiA3f5wZ3jFMv/mVwThvzD2f9T9FE=":{"valueMac":{"type":"Buffer","data":"x72N8l5Hs3EMbCoZmXbbhz+wWuhscSttIU9Cq22E/CE="}},"KGTKT474fWnrh501lfhtQ+BOUc4SQwD/xN46T6pTe+Q=":{"valueMac":{"type":"Buffer","data":"piclosASDRSV4/EzbXHiN7RtWEXWJ/66vlJCbEHxxxs="}},"KRlqwpHKDaoV0BrxkXodtYW8p5JDtmX1vuZ499pIUZM=":{"valueMac":{"type":"Buffer","data":"+lhxx7ofxIowRPbRdflOHyPLDStzpsJiwY7q+11yedE="}},"KSfFHJ3ZTXlqnpA7VsFSTP2ZCpG219qJU3gf07TKa7Y=":{"valueMac":{"type":"Buffer","data":"XvJ5E6HKN/LdTd8orc4ToTZcCmYorgLwoVST/QxoKVc="}},"KVT/P1o56VYtaIRf0UNAEBFaofXHMY1artO2ota8zrI=":{"valueMac":{"type":"Buffer","data":"ECl6kITCA+/2fQ9uynlqABRfasI1vyhI9YXaLiDchzg="}},"KW+4plSf3VN1avoS10vfKjGC5yJTaH+EYQgPneqKzrs=":{"valueMac":{"type":"Buffer","data":"G1+IRS7j09WgjLH9chx4J2J7XgpJ6ovpKvd55vzFH4A="}},"Kjt8a+y/aS7gzvf0geoGDC5dALRzjMGElmTcSdiQEoU=":{"valueMac":{"type":"Buffer","data":"vecBbMTMo4Wml8LzrcUvm9+S3uTAiIR/eUxos2T4NS0="}},"KnCYuBg7T78te2h+cf1X0+tllyNMVZ9J3Szt0SIZToA=":{"valueMac":{"type":"Buffer","data":"Fq6iFfydn/5dPiWou/c/orYnYqWf/GFBL8vWP4OT5ks="}},"KtWZ4shvvQrHxGOO7QjMsnT6CyGU/vHlu40nkwunpzM=":{"valueMac":{"type":"Buffer","data":"qGC12TxTXicApfbiWJ1Rb/kYgrY68pGPSpZGNXXp8m0="}},"K31InmsktAbTpPnr6Zb80AP2+0ZtXYPmQQoTdqDpROY=":{"valueMac":{"type":"Buffer","data":"hAh0pE2WldQQ2sP0pD1O7AYqRDMU4B4S3cwtC4G6hT8="}},"LGhOQ2Whs224wTzc5No++XboWuF+uvF1lyo41rJuAx8=":{"valueMac":{"type":"Buffer","data":"/0PWP+musKOfrKmKQQC1JKtCnOvPa+DnpxuvT3pqQ9M="}},"LIKJhTL2jirFhWyS+9NDbaeu9OhVEfl7453XPghOJV0=":{"valueMac":{"type":"Buffer","data":"DqLES+3T0v8XjGLPvz2/lGMJGl/lGkCPDzsdKnm31P0="}},"LNb0E5OSWsZpmQ2ctuvnMUjtVW8427TA4gceDZP9bQQ=":{"valueMac":{"type":"Buffer","data":"wYeS+RO/YoieGkASu6DgqtxPBZEwEVYF7j5D5ayR23U="}},"LNjPn/6AnEHT1bByvN0+Gv2BeFt5Ye5qG+ADC9trKSQ=":{"valueMac":{"type":"Buffer","data":"eQvNB8u+yqlBKJfa/3Uf5I1koxKuwyQti57SuJzhbW0="}},"Llf3Rf5EoPkN5NuLk/kGNTaRrsEkCIs92gb8rYfI9sk=":{"valueMac":{"type":"Buffer","data":"w+8fj2gOAjSVQL6qb/FK6DvOjF38CzvvIkDATyJHs/4="}},"Lskq8herXwynh1WHDb7mrq/A9+MrzmZbJXJycHdkmFc=":{"valueMac":{"type":"Buffer","data":"UaS4v/Pf2pSrz+Ic4Cdlo9gJXqYMQ1at2seNPKn5SOY="}},"MNBCND9M48FOk5Dbgw56u1hyiCBIjYd51cq5m9ge7OI=":{"valueMac":{"type":"Buffer","data":"jimG1/hmZJxNAUO9ZDgi1+nEjkscE3/9ua8xUkbP6g0="}},"MPMLjuLFMCq1lFrIV9J2ulNbQpgy7tzFOth7PWwNhZU=":{"valueMac":{"type":"Buffer","data":"Gjf5Ai7bur6S7DPyRig1iClmWXZpe5C0PRnHxoQGfdk="}},"MVh/U9209a/jbIgdkPdkWdDS8NbHIWfFm7HMekQTaAI=":{"valueMac":{"type":"Buffer","data":"uYPjLes5/5gSGOV2Go5Fv9qZbQ0GzqMahW7pk8hhkI0="}},"MbDR6X0/4gQ4La4DaY0PNNoCfI25yYpDXetl4Ljlf8Y=":{"valueMac":{"type":"Buffer","data":"RywgZBzndFf723iGVDLlMnZYwU7nOmGcaO5FKeSIeZ4="}},"MeYdpmTvYzMd4YB1qeHZbI6KiiOds+Wh8TP5kBDFJ2I=":{"valueMac":{"type":"Buffer","data":"1qSWF4qMrd4yYriR6KLruVlWm4zjBgnrH06bCRcLdPg="}},"MkOs0s1rq8MzXg7hUywoGuScn4kN9i4UjHrEirurgA0=":{"valueMac":{"type":"Buffer","data":"/GyOPY2+4AZqUfaRwRvsQpXNmDApVID5CF/PNvEegMI="}},"M1WH3TK5Sca0oPp09XNwDvlqANsmPG3HDqVEtttUyf4=":{"valueMac":{"type":"Buffer","data":"Ghxk5DJA970EV/hxG5HKrN7xdPI0e4XwJGB7f3vYAEQ="}},"M5PuTXN7NMcX+HgQWrBSbJ0w9qupxVZvkuPLx8IZCro=":{"valueMac":{"type":"Buffer","data":"Xxvze4xiV5RA9FBVvjcWd0i18/Cafhnj1GiC1BOLR3Y="}},"M9aEzcfshDycCgRxvFck7kzBWTNF4Lkmvd478Z3Eij8=":{"valueMac":{"type":"Buffer","data":"Z+Oyna2cUzC2KAo0cie4TVA4eG7Kev2Xr3tV9Ip/asE="}},"M+plWZVbLGmtrDOeQnXs71Nj2Bl7IVDJp28FNsjSVtU=":{"valueMac":{"type":"Buffer","data":"N7NIwm3h+b0VRl4xaApJ9bG0LIia7GMhQ6+jL+hpE+E="}},"NDXR9cBssNWbMMkMA60xIrYZw7crWcGviUuSBt5C8+4=":{"valueMac":{"type":"Buffer","data":"nI/B/3k+zYZ9zZt7DDpB5Mufd/btD5o/pwfG7E1fBY0="}},"NIW2U6QQ8LCLqp4F3TYfG5kj0AXnoUeXNCBx+tEtSRA=":{"valueMac":{"type":"Buffer","data":"S4v1xOqXWj4pScHIeWKx6DUTgVE6ChCpRCo0ESn/Os8="}},"NIzSm1h8sqpvxMGNQxhM0FZ0/uXFSHRM62LbpKqpx1U=":{"valueMac":{"type":"Buffer","data":"7X2+3LAVB1xtmdhRgjizWF8dhkNWgdjRxj9JIkc4BCA="}},"NJJ8em5m1+vDgyowkGwAzN62bRpB18cRbmWBaOPvi8g=":{"valueMac":{"type":"Buffer","data":"R0EbIcHubR4ptPG/F7dCYK5T0puLaLqQiIMZOxdW8eQ="}},"NSCnsz/hKXVHjDWdmT2q7lk1bM1PWRv59BVXKzxD2fc=":{"valueMac":{"type":"Buffer","data":"rxdGSR/jzBhans2j7pNHp6uAK01gLkbMcktgVVXMLXQ="}},"NapYuRZfdecl6h5qcqourtkxJ1NpZv4KIH1+jVFg9Wo=":{"valueMac":{"type":"Buffer","data":"qYyOw92jw4JqqP5612QCCj4om0ytUO/Q7zAh1CB9CcE="}},"NkDFrO+J803KSv9y5Khue7fu8mw+gZKHJzOgcqAKmaQ=":{"valueMac":{"type":"Buffer","data":"YdIqjCzRJUQuy/sLJHt89reF5c4FMpPYzBksx6rscM4="}},"N1VpzMlzLsufvsAlnxp0rlGjG21f6yhFFtZxaJrQBlE=":{"valueMac":{"type":"Buffer","data":"NlKIbH7MmPYvFkYHFyjWnjdy/APa5TnPZTxIvv8d1kk="}},"N6F7PdnmCXCW/XNzBcboS+fDR2eyxXbIgjvDbKKsuyU=":{"valueMac":{"type":"Buffer","data":"ycdp3YWprXvp20oQIDIql3jgNUxp9RIXevj/dzyloCA="}},"N7G7jSAfPmzmgKnf+/adu1vEaCa8gE+m+DGMWlrEvqU=":{"valueMac":{"type":"Buffer","data":"di5ftprn8Ex0dXa/OntzboSrzAeMOE5vMd7dvnkzmaI="}},"N89P+gPowg0ytf7xZwRZ75HYWOb8qN8ZuaYrHroWtrA=":{"valueMac":{"type":"Buffer","data":"23/E3MmGKn+5PkpqjruX/gStq77YUpMQDm5PRptjA60="}},"OCNkQW6l3jVP8XO8ixFnTMDUWEUTTZW81iN7jJ/6Kz8=":{"valueMac":{"type":"Buffer","data":"aXMQu+3JQuytoDtwlX0Mmn4yHkRg2fmbyMFESe/VKZw="}},"OJCHcjYYEdcAh79oDMHA/OTZTHrUudR/eY5XVgHZvhk=":{"valueMac":{"type":"Buffer","data":"waTGYtYshtfTHlwQwnrh1iAxY5rUS58+6XujI4KNuEM="}},"OQN6I8BuHtFDjNZSo+ZJ3VQ0JW+7npiOQl99D2c0yJc=":{"valueMac":{"type":"Buffer","data":"dfE1Wc5SWRueojzfJd80Ke3/Vig+TwwzPRtG0el4VxA="}},"OQw3tLFnH6g28Y8XW+8Q1JEHmOgaRGFzK3HcWRL0nKc=":{"valueMac":{"type":"Buffer","data":"jNmK9E2HKizLXcooH7GDJjuFvPhYaIJtsy3lghVULXM="}},"OdIFA3OlhWnrD45GtyUxhjHLurkx2KAD14xVZVbZbWA=":{"valueMac":{"type":"Buffer","data":"aL6yzOuHdSZGVH8C/vPBoEcg58xLx2Yho7LPl1xyBBM="}},"OrBpB1jjSyAS3QfEAv8l1Ldx8oWNHIAnL0CPuxrEnHE=":{"valueMac":{"type":"Buffer","data":"B6x79CHoDrk2ozFDyvMfaiLfAlLrgvgxfyXdeaZgjJE="}},"O3/B+6tW/vZLNVN54HVA0IdgY1Hjt4ZcenHIVgjHoKs=":{"valueMac":{"type":"Buffer","data":"42XItTvVHwIw6JznvITPZO6jeZde0rikec/kzLd42io="}},"O6I80zuHtTQgcH+JMdG3QOEsG/f9ss8ZTP7rMuKp4uY=":{"valueMac":{"type":"Buffer","data":"mUONbvqDqdPqwIM4sf41sYUnlFt/SLRT5R80Mfs9gzs="}},"PDOKByu4f+sHQh86yqtPgsCpOzsf6kBoW0Sw230lIjA=":{"valueMac":{"type":"Buffer","data":"LeylFfib8nCiI9mgpV4aNtWAxhVjcsEul1mxM3T4MjY="}},"PF2CqTylOfIiHiCXbPeDwFgYVl/DV/YwfLUeWr6CV+Y=":{"valueMac":{"type":"Buffer","data":"Px9HZ1w/6t5ACAWtimf7OzkEzbLmV2e9twmikgzVvSA="}},"PNdTxGvNloVK6sIxL6XvCR+sPDL5J1aGS3qZ60vdPYo=":{"valueMac":{"type":"Buffer","data":"JTrmAKzG7yeKB0GmFcmP0mwkgW/3rKZsySXTSXV0qKo="}},"PRKENZL3xVdta1057cO1ta2RsT8fy0jFUrRpDV+xQD4=":{"valueMac":{"type":"Buffer","data":"X7pG5auQ8wwgE77miNMVvX1mb2yFh9u7sVs6CeDtwl4="}},"PVu/uuKDnTRk9YK5/CODkia5XJe2QsjRm04O7fqpijQ=":{"valueMac":{"type":"Buffer","data":"KMTkUanme8JeAWUmtuy9aO6YUX7yNZXUfrlifhu8xN8="}},"PiWZg2mbQv7DG6+rvXUgf8XfAIgDL4bLmK16HG3m9ZY=":{"valueMac":{"type":"Buffer","data":"j6vUdANpYGcJ0E/a4xhz/DDPIgZkWryUkovvZAiQ1Zs="}},"PrtW5qmedlFGN1WGeW4dxkRRqNJOpVs1wrGBUIM7QKM=":{"valueMac":{"type":"Buffer","data":"yGiZ7/kcUjVXqDFBXCRo7jNcF5cLiGX1VDvtORSGJKc="}},"PxEyguCqPTGeZPxyo6K0eK6nfD87d1hknudJG7I1OXs=":{"valueMac":{"type":"Buffer","data":"6ypj63yL5IzkxrxCETMXDjnDADzSX04/K6yv7Vq8CEk="}},"P1QY0rQ4B+5Rv7UK5X/TN1TYM4+3hlUrDlIYmzC836o=":{"valueMac":{"type":"Buffer","data":"NR197L94V1CZCo0fwNIKdojuNIYAtlodoJDSVhLo8F8="}},"P1/79dPplHh9nb2HgKi+eoKlrVYmyCuFsnqppjghYMs=":{"valueMac":{"type":"Buffer","data":"tC7JumvIFVDBcEvgu/tPCK4mdIOBIWuZiJyRLa5tmG8="}},"P3vBjup0rZpEUVYq8ZlpNbruvh+80v32FXJLTjYtypU=":{"valueMac":{"type":"Buffer","data":"FJykkeMzHlRm0nqRqVLtaiW0OlsPYmFzxuVcCWGFcMo="}},"QBqWpcHjrXf/iKVqR7znZrgKe8CwYBgwRK0q62f6SsE=":{"valueMac":{"type":"Buffer","data":"5RAghdwAplb7fPwcrpy0z4sWFg73JQi2OiRVqi4joME="}},"QG7NYx4/0zGDCKQq6XlV9d4xgPPgK8YCkoIyiBmJMm4=":{"valueMac":{"type":"Buffer","data":"DsDs0zV6cfOWguPpCZWHKO5wMbTNxTYND2H6y57d9Io="}},"QKmr65AOa3RgIyRTWWII5MUqqS7f7Rc7i4IidzN6pUI=":{"valueMac":{"type":"Buffer","data":"Glkiy3wrGmz9j7oljunGHaURB3UwZxJCv48o6Xv6ql8="}},"QUKtAku73Q21q5PwBsJmyj7sh+mS2S38sISL9tYYNwM=":{"valueMac":{"type":"Buffer","data":"hvDnrIZ7fkUfNPpR81cynOLQUzHKwlqLNgkSzwlC/eU="}},"QfgkeMHqS7ofZWNKeobx+oxvrhPAXgZUu934xjiK3oA=":{"valueMac":{"type":"Buffer","data":"kAPRScGtbVolsmHA1AH1YdR00SRfaBDqLvs7rbM2CUg="}},"Qf22XlrdN43roA+9DSD4U4RbhN4sP0VigSlafazmItA=":{"valueMac":{"type":"Buffer","data":"5nCOg4RWAyPRZNoy88zGeouVq5eZu5CCEgG4pZtdqek="}},"QjZSexO0zhgJqSn93KXzVxglQ0YEzBp09mQlEw2eNvY=":{"valueMac":{"type":"Buffer","data":"Id95cIn1ddtJuKtPtfGDxrI9kd6q5M1P6wat9GUe1vk="}},"QmBudPLiYzTH9/Kmrc9yKWw6A+jNsu8m6IzFpIkwp4E=":{"valueMac":{"type":"Buffer","data":"rSk770XeykDW/zKwAysoFg/vrVSgOYiIFsPdG/3clJE="}},"QoAxnG9GQuFkMtoi3Aq7ALYdFAcp3J+bV3FFA0JI4WE=":{"valueMac":{"type":"Buffer","data":"Y/27Br0lOOaPnc0JcPcVw30vdhcQ53z5YZpz6eLrcuw="}},"Q1O+sickmE81mXyAETF+CDAgjEVaA2zJ8Ob0nsYb/Eg=":{"valueMac":{"type":"Buffer","data":"N3BFgbA+GXd+h2Tjr1zWsrRC724FrYlaFC/l0AMppJ0="}},"Q/zeUfh/IVERVzq1Ozes1SrcPMSOul1+vV2w3lDZBHg=":{"valueMac":{"type":"Buffer","data":"y0omn6tebN+fyEHE6V5AVT32kM0/uH7D+5o//Iutaqs="}},"RNcYXeuIJKFvPy4Y36RvYO2orIPhNMl4/Bz7crGhpgs=":{"valueMac":{"type":"Buffer","data":"VuGFW+6YpPuVYEcrEWiC4MsPr+BfK5Y0kPzf+Pm+yt0="}},"RSTTykgmBqBsQhePij5v/7YqQ46fXA+b9+SqLfHl0t8=":{"valueMac":{"type":"Buffer","data":"cjjB5mVW3l6Vy4sD6IITuWHFh7E9Z47tapMhZSx0cSs="}},"RehIglGNtZyF4u///Shu0ZoVvPDGRH7TsVBPhIbQDGM=":{"valueMac":{"type":"Buffer","data":"P0xAoYyG4TWxygohmX0+7sGP7muKHBFTZ/I0EbrD0Tk="}},"RqzomXPhdH3J+X4YyL1dZ9cLDYe0dYVSP/3KndddjpA=":{"valueMac":{"type":"Buffer","data":"OV2Vs5s1qHj9dEbyNpN4td887FX22NUh+F1pnZ2NDMI="}},"R5y6oTpThgJ2VzCHdddPikb+O94CqngTOEELhS0+M0c=":{"valueMac":{"type":"Buffer","data":"u5dny0nFeZ6mJts0RxcyR7TlnFgEp2ZcvFQ5Puh37Fg="}},"SMi84YN+uMBAVerYPeVcQmL95wR4ITSkRPBjBONkHCc=":{"valueMac":{"type":"Buffer","data":"zfwO+IjMnmTFwd2s4pbMCGYMiTAJMT+eR/bOsiM4lWI="}},"SPCxFwH4Br61Jo0kW+CmTkiahKL2r3nnPfj3ZXX7Xew=":{"valueMac":{"type":"Buffer","data":"w8r7Klpjtqjd/d9Qcnhp6iSP31otnhrRgnZvcjuVFFE="}},"SWgzXkVJr9ggNGIk7S/q9j6PSDQI4cjQkRtGHVA0LA8=":{"valueMac":{"type":"Buffer","data":"m2TtrlU4uyOG2UEC3BWYiBhw0bAcuy8BmaMlmvYikeA="}},"SZEKaVVNhA1bbetuc5w8TC4fQg3p3h88kb89jWzjcWw=":{"valueMac":{"type":"Buffer","data":"ki9eJbvw22CnQYo1jyxw1bYOxq26Q5vf0Dnss1o9utU="}},"SrLQGLNti8qZfAQlMU39ZexKGu5nEsFaH5nyxbhMtxg=":{"valueMac":{"type":"Buffer","data":"W6rkcGZUmsjjkeHf94iiTOlX2y0h6aI1Rv/VwAbBT+Y="}},"Ss/qFYxh4ilg6Q+KMz6xEVy8K3+9KqhHkY2EbYeqLSI=":{"valueMac":{"type":"Buffer","data":"qRfwM/ATxD0ZGvZd1FSQTl2G9gBHb1hL8fPye9YMlOE="}},"Su2GECWOio3UVxTxhnUhVNW3U8ug2OBvsOVteDu0pcQ=":{"valueMac":{"type":"Buffer","data":"Eiw+3lfM15hwWcMuKggJIgQ9Luj9nJ3UnjsXsVB1d7M="}},"S4zeaFxEtPhMQgSEAm4esVeobsPrc7Muyn7Q1tPKQzI=":{"valueMac":{"type":"Buffer","data":"SwTZ1pRElB8byEiOLdnhDa4x5NTQVl2y3zAX/FKF3i4="}},"S+SNmEc9CopXtriNOPsrWHiFWensRYsSHuqxKFIq41I=":{"valueMac":{"type":"Buffer","data":"rW3+oEqGQqv5Ljve5/rdKhHq7sUah8Sgyh9JFLvqyK0="}},"TEDE8JJ/75TEal5z7e2SNoSMFhMsyMIRMwoByjhWbXw=":{"valueMac":{"type":"Buffer","data":"abeGCBEU63LDxEj5dzc3uYoFf+ZLkLEKuYrcxvH3Spw="}},"TEV6x7zPO9DH8dvMy5Ue4in8QFEPo9q9pp8qllhcAAs=":{"valueMac":{"type":"Buffer","data":"F66sG6oZBAAd/e/UD0DJXhat7d8qo6kHYUh1zM1INws="}},"THT8Xf76yvP1qAKJN+CSA5mZ/q9VU3Lkd91PBzWH31I=":{"valueMac":{"type":"Buffer","data":"T+qGPTfBVALSfpHrhu8JTKibNMDXDHa8utl6SFCQHVQ="}},"TMbGNd83CtQKII2cFkC3zUdv/eskAfUsOeHmvjof+3M=":{"valueMac":{"type":"Buffer","data":"FMXeOQlKU9Pd1Q7MeCsbD+f7urw3hg0JhWVNMgIAvJ0="}},"TO+pl6h/wuCNXhWcbKOenndWSTjYon4TSi6Wss3UfDg=":{"valueMac":{"type":"Buffer","data":"0/rRhr8aIoPnrKhzTkvzjz7dW1U+AOwV1fhPrQYP+7Q="}},"TPYH2sULOvlhpr3EQBHB933TqBXXsgahSTe8B5zdk8c=":{"valueMac":{"type":"Buffer","data":"DaVpPe+fm9urzi258qxcKEL3s+np941qGRTgI5OUVMs="}},"TTyq+FKEgpt6g1M2x85R+UMUS48zGG9L2eVAq101tyw=":{"valueMac":{"type":"Buffer","data":"LRnwSneYccOxb1xLtLBS8v3UoJ3XAtqF9Ot/iIQstpA="}},"TZyi6LcEWwBWjAnN/a9g8GmkW4AzZ6HQeS9ImP3+iOA=":{"valueMac":{"type":"Buffer","data":"i0IuVG98dLAijr9BHiGFmaqRD0MOXa47W/zg9HRi/IQ="}},"TewVU0HHKJcolPbI3uIOWAhJUwoWnZhFpuRHUpm7uNM=":{"valueMac":{"type":"Buffer","data":"8QAKSbmZgejS9jwhsSKM78lNK9oXXG87B8BFDfL2yLE="}},"Tj+Ufar5mQ+d5UvByK7ZsTZlCMU8DTALOrBsZDDwm50=":{"valueMac":{"type":"Buffer","data":"EVcgSZxwYuJo6QTWvTIQ5FIQF14SUKSuIXpQlWUVrFA="}},"Ty934/9C0Qv/ASNDcfGpjweUE9+Z8y3ZMqKhJwsB7jM=":{"valueMac":{"type":"Buffer","data":"ZumHiINGxFA9TaKg2F/7wCcnivemS23syXcsZHgbIp8="}},"T3tOnDaLhcb342lJfvdB6dwz7hLZuDMcSYgcCnLWiUQ=":{"valueMac":{"type":"Buffer","data":"tIk/JxGRU8giagT9D8mM19BieP45TZK0Al6DlGoHN1U="}},"T5kSebC934GB2Qu2EIprrfI7w656EaG1mxoAbzhlbu8=":{"valueMac":{"type":"Buffer","data":"QgF412Y3OOlKDROyp31JdOh9Ehg1PkgvtxNpcS5OKZo="}},"T6Cfaa8l7+k4WBoYsVMfYnRk6dyZxkwR+zGUHnyKxb4=":{"valueMac":{"type":"Buffer","data":"wTBdrTFoDd/dKnnXBeVNx0O8S21PzQjafbEHxbZdFD0="}},"T7HKTqmQXIRgUlSBEcIHH3B3iD316iiyDUC24rIlkOQ=":{"valueMac":{"type":"Buffer","data":"emI49vqPv9s13IwoB7meOdstwoEn7EUWR+bzZ00dDSE="}},"UA7dhldqOUCfFvRRVq0BP50/FkQDtwVe57z8PDF01wM=":{"valueMac":{"type":"Buffer","data":"Y9fxWI4R7MrdE52e1ca+orfA6oADSFidUI1wJbmW40s="}},"UNrf4QQ17Mq4Q4lK9KAgl2cu17mllEtX5TBWVI286Rs=":{"valueMac":{"type":"Buffer","data":"ZOW0gBOX5bndxxXv7Ui0IERf+8AwcU8W5Zk4/Gy6v00="}},"UaOgGRxF2DK/6n5yRAKKBYlmLVfpJYMZNYaxeTEZ9ro=":{"valueMac":{"type":"Buffer","data":"iSTmqtswGj/j9FnGHP2odwsP56Ozd3fIvrzDQYoHZNE="}},"UbW+iAANBl1WBOx6xh30/pIgL9mLmtTUQCOy9Nidblo=":{"valueMac":{"type":"Buffer","data":"muBtXlr3TCkseKjY5eWMpXk/R+ZCHnyi94+N/yHyQo4="}},"UhOJKG61qqp9zrHOE9+rcZkh3DaQY0i05jUMS7CD4J0=":{"valueMac":{"type":"Buffer","data":"kyfPC0gobu0rf3wtY0ZJ3lkDp94ju0BWwZww+Ma0XTw="}},"UkwoyfWYvCJli5IvdUyXwi5vPztuoYqR2oJT3x29P/E=":{"valueMac":{"type":"Buffer","data":"1lQ4jOLAeIpqIWu3J45BsBmn6Lhi/40596JT1WaNTd0="}},"UooZ+tSRVzP5dotswGm6Vkdf4E3DuqX8hwJd4uwQV1c=":{"valueMac":{"type":"Buffer","data":"l58662lgHimmeVG3ltBgfhDemcIjtMh3gf4W+pYskyE="}},"Ux6x1VezSBkMIX0IdpacbCSav7L6c6BiisUxcI7LvtE=":{"valueMac":{"type":"Buffer","data":"w2j6vK3pP4oTFJgqjWWkxmQoga8A7DhEyL8Qsw+JwH4="}},"U2XchZX0F0GJN9LBm2NAoTxYLEKethTBWz7qedDZdb0=":{"valueMac":{"type":"Buffer","data":"VLkevxRjpDUG7MmwRH55WNuvC6YgJqPFWxx3xoTlwKc="}},"U5mlhvIcjmribuSjnXMPMGCf+m1kZFX2BsFSOIfgxHc=":{"valueMac":{"type":"Buffer","data":"XJJ6dDfwe0slUcLBHBDX2kbo7uLWMarD61bU2sn1YTs="}},"U6XvqGdHwX10MQDkcscyRnpq7En1BSk4JpjMjkXEirM=":{"valueMac":{"type":"Buffer","data":"vtYBw3JHVcy/Yf8Ax5EjB8J9NxDQp9678XuC09y98Ow="}},"VAsCiqr5ZBevkZSi4ciuB12/plgnVX1gIZCXlt9n8VU=":{"valueMac":{"type":"Buffer","data":"PcHVqgmpzUynSWD3pWk+BdPXTnnAfiT+2U2bmGT+xSk="}},"VBJbibsx446BJD7jW8HIPYyBt3P0Xe+kvuQt0PSSIOw=":{"valueMac":{"type":"Buffer","data":"dARjz1PZug/fezOwh58R123xMcQ4oOQVlAyzQk4TjQM="}},"VFd7U0RFBZvZgUI8Dj7r3au2FZdsNi5yU9SglXVOhj4=":{"valueMac":{"type":"Buffer","data":"z2yrV4DS0brccLWIN5Uq1ASeAYXRMrGumze42iHp0fg="}},"VG9VqwicTRTgETyGeGTAIu/a+K7U2EFgD9dZKWGW9UY=":{"valueMac":{"type":"Buffer","data":"0b/I1rf8inXaVaP+g7Csk5Df51dLL19sQcqnmtFqkr8="}},"VIpNpy0SQmnBoUCFO1LIXgaucVmbbQrV2S1WomlVrAo=":{"valueMac":{"type":"Buffer","data":"bBdfsle3mWZghHD0S/2oeqk+h0svQNH+tQiQ7SzrFmw="}},"VI+poXlfO7KpV7OycENE4XppJsNsVbsWrfkq0ybn/dA=":{"valueMac":{"type":"Buffer","data":"jImta6MoUuBsZPVyvpdP/nCjwERb504OzsV3v/efZ/w="}},"VJW5HfOjJlEi+PlmL2oQW2a235RhZgeJg6WZxETFVa0=":{"valueMac":{"type":"Buffer","data":"sF7BGkDofXt/0o/DTE3UeC2MrWX2zCUUfFkHowpv86M="}},"VO/+WMnAuPBbi7pHIihOIj1h/lyo3mB0qkbmcGUFRgo=":{"valueMac":{"type":"Buffer","data":"NagxZNVU6g7quVvjsArndLxRo5KjN5m9EpGxG1YzP3c="}},"VSGK+SAEfcpq/v3uUWnstgnjcAezBdwRCf90whY6rJk=":{"valueMac":{"type":"Buffer","data":"M2WVFXc28C4FCMTJvhnPGQd0bwDfNsh+LvxNeHDLMbM="}},"VSluyL5KYXmNIoNGFOIl2aNfVLrhUqfO34+irl64dWc=":{"valueMac":{"type":"Buffer","data":"4DWWlNwmwWB6HiltQ1ZQKVTFTMzO9Co9IGVvkCfKx2c="}},"VXzISupD1H2D8gwLjrcj7op3KAXsJOpvzzjUorUaOLI=":{"valueMac":{"type":"Buffer","data":"hwCt0lh1Inkr4mWyup2wl6q+u3DUPsaYNpSY9YDPMtA="}},"VfY/yIyop080zurVLjk+GNJT+vkU/JQV7QfzcuRJ3uQ=":{"valueMac":{"type":"Buffer","data":"klLKu1IXmnAFyv52Djr4w+9xh2zzx1zQMiuG/Cjne1w="}},"Vj0M3syiHgvNZ13IRk1X3DsCcCEEZgeRRoYWr1K3zAQ=":{"valueMac":{"type":"Buffer","data":"DO6/pLqyHgmgzIg+01Orjsa0u6Iawhx1z7NdadAOQro="}},"VoUgEuEqIfqTn8tnn2voRcb9y41401qnCJ77Mvy1o6M=":{"valueMac":{"type":"Buffer","data":"wfE2SWL3TnwYcUBSCcCmlF+Vkya8WEAZ0J2QC15Z/P0="}},"Vq8QusjlO3fFVEP6o2+J2LEVfPXqnTGmVEMz/KlZj8E=":{"valueMac":{"type":"Buffer","data":"U2am71x/AgHmrzZFqK3TCCzZ3WkzC7ITLTrOFtRG+mo="}},"VsWVaki79raMYNHCZLKeN7udEJ2UE6qrpxg4bLKuTWA=":{"valueMac":{"type":"Buffer","data":"g3lymubCmzSPfYSO6XbTPjIJ3Tj8aFqz7G0Ldog4eFs="}},"Vv44BAiVNZg5KRGNbQm2fLr45wK1mxZJOtE/6gN9FTY=":{"valueMac":{"type":"Buffer","data":"anppB5XLuFjjwOdLp0+Jyzrbn2alfUUvbIaBjpdPmeE="}},"WAEEpai277SywN/V3tYjGt9vKZzUQog8+csALfddlDU=":{"valueMac":{"type":"Buffer","data":"P2KlDcenUrO8t8qMVweHxW76Yf9pJjH/yQqBGkDaimw="}},"WB17H8/A/ZDGOHj4HwEZE1KJ7wuXxbT9VW3tvm1Qemw=":{"valueMac":{"type":"Buffer","data":"/51AVcxc3qJmRK23RMXHiZiM9ad99y0pG6KD1v+YS0I="}},"WB9z53hbTIIKkDWrML6i1wQZWkj1kOcc7uiVgk94Pgw=":{"valueMac":{"type":"Buffer","data":"Zy4BXcngnljIjqb0zz2lAYO8RSeHRxqQPCf5FTeDfN0="}},"WCmbbrMST/bvFfdnvAaaLaqXveWhm6Xd1qiurwjbtN8=":{"valueMac":{"type":"Buffer","data":"hTP5MuCysEgNdg31Etv96CaU9ftMnD7qEsnhZUiRmhY="}},"WC8PPyfAim1wsnQshzqdpY1EnHC8yahMdKNqxxJCGT4=":{"valueMac":{"type":"Buffer","data":"3ALYkvs1pdw0Ml7T83rV6f6aQo1jwe7VagO/jEmrP4M="}},"WIBJO97MqXTwKMEk4cz711bz4flsj25zqIKqe0nLqmg=":{"valueMac":{"type":"Buffer","data":"gZfiAMX1E3RNqNw+5Pk+JsAX0kk+u2lfLvAYfFjkfas="}},"WKiSSugkQlKlD9OWNN+HE87kgu5sDjzuGpbvVjNzYTQ=":{"valueMac":{"type":"Buffer","data":"vZ91JZTkzglDB8CseHs81gv98+UcKwA8/i19M344L/8="}},"WVFABC0DpKWEwkPA0BPcZTRsnSk3pQ1usDELaKbiLuE=":{"valueMac":{"type":"Buffer","data":"2WiG/P+smBkwG2NUM6jKu75TmRT0Qy+IapkZSiKFznA="}},"WViG4w6riW6lmlEynHBZfcgoB4DbWK/uk1q6gEqtG6k=":{"valueMac":{"type":"Buffer","data":"VRMa+UtPTFqVr2qa5zbDRcYntRKL8C+a2hW3x7bGoDQ="}},"WV4AX+GY05FS4HCKpGOTblwT8EWwyNjFfQfmjqRvnIg=":{"valueMac":{"type":"Buffer","data":"T98g9spDz9TksRXc42tUYHAiTm6FLmG9L58hozZwEaU="}},"WX0I/2Q+baO1W+y8JHr3wKLfuNYW98Ub6qmkNG2/cQo=":{"valueMac":{"type":"Buffer","data":"BkJLgvAt952HenspOxzqvtlO1PgkBqWfh5FFLontT8U="}},"WfYSqlo1wJl/mzn3KQhOhPwrBa5LffpJA8ME18g/A2Y=":{"valueMac":{"type":"Buffer","data":"1sYJx81dHDZULwLjIkEGhFKB8uMLZztod240wrot40c="}},"WgcP/S5ZYiJ6l3aeUr1zPRB9rTUO9nelJENPLwdvX4U=":{"valueMac":{"type":"Buffer","data":"FcF1NQdNw0SRTzImqSJ2peFUULOYze91TMXFsKPZKlM="}},"Whbw9oFdAgf32SKK97/IlMA0KuYtzSI4guLYo9rCN0U=":{"valueMac":{"type":"Buffer","data":"NVS6Yj2+Rz+gu0JWNL21reGEH66Wr2W38aq7fPXQaNM="}},"WiBFlmxXmXAbFtIHKQKSCpLv8tg5y7AasC1AHHozW4M=":{"valueMac":{"type":"Buffer","data":"rpMZL0tjQ1MXbKj5xpv66YK+msn6Mx7yPyY8D/4LMT4="}},"W2dr2uU1c6rL5G6eDsd7H5k614J7CnGeJlY7PzeJic8=":{"valueMac":{"type":"Buffer","data":"Zz7XcvHcKOHZ11Cvzgf97hvSGYbeKXuO9hZoVyMr9+Y="}},"W9v2pJIAKT8/oRDJDyaB1+GiWPskfaewebB510zA3lE=":{"valueMac":{"type":"Buffer","data":"C2nilujUXMBCzhe2DTwrVUJeEtA69Sp8yuzkG/t2pyA="}},"XA7ktYhjBA6lV3kqgbJX7CjCBYiFy4qNYyvrMT0uDjo=":{"valueMac":{"type":"Buffer","data":"H+5xqfoY3GpLyk2X2YrslYiLPw0g5K20i+kd6m2TYLE="}},"XLK6TMnGVuG8lBs1UYpApZ+kqF+/Urt+qbFuPs7yJEw=":{"valueMac":{"type":"Buffer","data":"4shX4py5FyvAZ7aNWcaTagN/g8ou3CBq7V9zRJ4DJZY="}},"XOU/Vlk/WYUaod+uZeKUK0kah2is6t6MExnZTtOd+Pc=":{"valueMac":{"type":"Buffer","data":"KDIXWIHVgRlHjI4uEpC3SeNn7mm3LLgV3E/tzGqak74="}},"XdI9rnlvBLgdrS84BWZValrVbKr/zu4DNV1XuBHDmH4=":{"valueMac":{"type":"Buffer","data":"uhHCD9uWdKDXLbszM0LZHhFLdjqZUD+HwzjKOBEexS0="}},"XjqakvpP4EpE6wMR9V0r/vL5RgDUxsKY1HiCzR1Nk1o=":{"valueMac":{"type":"Buffer","data":"ODNJqLn1Ds30/ktTp3ihT2MtteK5Q+4AaIC6WkCYc2g="}},"Xm3TCfI790bVp3FNDdNX+tfJd18+titcyN8bMM9iT1k=":{"valueMac":{"type":"Buffer","data":"/pMzu1aOdWgpB/mr+e+ZWhckxbSat3r8p2YvVZ0ICiw="}},"XpXeA2IFwjWzwHUfWdlm1yzA5WWW+r5O2dJlmfY5i2E=":{"valueMac":{"type":"Buffer","data":"uGhn5c/WadHZJN+eyq7zaoK+T8AilDfR/NZxIddmBnE="}},"Xq0bcQRsyQfrue1z9HvE2nfBZxpzwxvz/qG6P+9l5t8=":{"valueMac":{"type":"Buffer","data":"haA/NEjf3x2oZqyK3YbPFs/6SoY8GpiN+eP1NwobwdE="}},"X3sNFhLLvaMr9b4zIa93IXjjZthIXk/kWhe5o0WHm5Y=":{"valueMac":{"type":"Buffer","data":"lwobjCR4DP6bvBNJH1HZqm6UFavVIYvaCTpC4eOTwyg="}},"YGjIqOr7v3osFtmMkLZwMrkFTSr2+spS8UkuVZZsGiw=":{"valueMac":{"type":"Buffer","data":"GYY8x+tRtSfJtEVzUlnKPETHIlfUmSnbfCKzS/WQ/bk="}},"YJqRmsXkUdW7vS1sLlGSfHH7XtQG79Q5O9Nns/jSB1c=":{"valueMac":{"type":"Buffer","data":"BfTc5ibVGdKXRFkhlSrfpkMRXZXl4POfMDKM+kqVz9Q="}},"YWYRAdwspttA2fI2nK2A79EruSUoyPIy99RYVSbg5EA=":{"valueMac":{"type":"Buffer","data":"7WaTJR8ykPAfdOydKxSDLCpYefYB/WQRSvdQw7Dryfg="}},"YZhpSvSKT3QZce8evxuIgvo/cr9BjXnlPRbdr1vkRzM=":{"valueMac":{"type":"Buffer","data":"y3FEfZk6/9A7RO09IpPS/FpDoY2LWoZwvqqOEZL7jjE="}},"Ya3fppUyFpc/ZWyppUM4eX9TlH5fwhA/jqrL07ZBewY=":{"valueMac":{"type":"Buffer","data":"+9VGHK9KPtQ9Hu1ufu5zlssO/ghcLFUb64RqOdHUvVw="}},"YhYE4UjpiJKoVZgcgo8XD2QadnWpM80HBKXRQr7xI9I=":{"valueMac":{"type":"Buffer","data":"e+VFlE+Of2SHnLu7u1oN+ktr4UTYAlgU/bRqnh8WCxw="}},"YzfeA2oCNUZWXEccyrusdw1PmLUcKxicXTnQKTAW7+0=":{"valueMac":{"type":"Buffer","data":"y78ln6M5HO+IoxH1mT8NqJrzqAvV3Dna6liKySWoQLA="}},"Y+oy7yqWKBz/G9CNhl9bltNvsU7l/KjFE8WfMqd4+DE=":{"valueMac":{"type":"Buffer","data":"U9eyQx1wNq2wOZBkbZQdroMy/j3aeyGMf6thtoWEl2I="}},"ZCA5nseAi08N2CKZV3eQa7VhL+LDutTdtGgKcphkun8=":{"valueMac":{"type":"Buffer","data":"g6UFA9bfdh1DCfB2f+U6ADnwK4OQ1mjlIoMCOZ3GBQk="}},"ZG3tOcAwab5OggBxbUz7uTmp6TqpoiFOuDkb2WS6wnQ=":{"valueMac":{"type":"Buffer","data":"d8DC9wfDHkcdXM7vutScsTb6kofE/r5HmH7qqb7hJOM="}},"ZIsQCGR5hbIGLKj+HFTYnoma3H7z4DMYgS44YgT40y8=":{"valueMac":{"type":"Buffer","data":"eXjoes6J5Wf6uwxUJ1C10PtHlKnc4A7aA4mJvI0wgSg="}},"Zd4DQkKuEgVaji0JfiX13F0YqY9QGNf2teA+MR6cKxc=":{"valueMac":{"type":"Buffer","data":"CJIk9uM8y0Y3zJWkoDPgXEsR2Sw0kn6WkWJII5XYy8o="}},"Zhng0VYrmRp6ioJdGZDukheapeBYx0Fp9MCEUpe8nRk=":{"valueMac":{"type":"Buffer","data":"hw+u6CBK5DtBePBKOKuASBngy7esqtkIAayUQGo7+0I="}},"ZlWNFC0zMK7kqUHZvG650c1n10b9UZBKRKuk6MxeCMQ=":{"valueMac":{"type":"Buffer","data":"42J/7poOQeZlvCRHqaGo3ymmk2nawlStv7odx3e07RI="}},"Z6HQytsa9V9eB3DlSKnucdBrKXTHvZ+18if97ApAcd4=":{"valueMac":{"type":"Buffer","data":"uIhgjnaOzrHb0Shb4ViD3Zsvr2RKPorYqa4QPrVesfA="}},"Z6I2cKVpMryAIdv6VAw5GB8iJey0flhYop4qL+3yOuQ=":{"valueMac":{"type":"Buffer","data":"qLhqOC6YCiKNTp45doJCK1XrCVGlGhBNlqtmVhENtZ4="}},"Z6dLa7jJPQudjlmJ6TKiMCDfhxxa2ocO7WtkdzDyxwo=":{"valueMac":{"type":"Buffer","data":"5EU/TPpkk7+cxkwmXOTjUeec1g0saYq0sTCQaYaMUFs="}},"Z6xRPmwWSiiy7vR5OXEd0SB2iLfL3aFD85m2AZEYGT0=":{"valueMac":{"type":"Buffer","data":"vyMPbf4pdXrNi8d2oFG0DfSX6LGstnQFZdyRfMTJDs4="}},"aKegu7CN/okeJVIQ+rpxDY7uM+eUZU/dU/h7Dn1DwB8=":{"valueMac":{"type":"Buffer","data":"CY30HKxk2VdISzhLd6ZH1gRU8k9oPC3gtV+O8wo10DY="}},"aOSA5V+psuccti+Xlm5F17cn5Q2pb2hN3Ggzb8osEjE=":{"valueMac":{"type":"Buffer","data":"LLTmbmxlq01UcfJNqxIhs0j6SZ4ztlCwUDDJEVO41Bs="}},"aVXfvPGNDOEvYkG78fSXIluzjq8RC6RVJlfJpmwe28A=":{"valueMac":{"type":"Buffer","data":"qv0iqQlKaIsk/W7ZeTl3zDifYfSNr/EElA2kpuHtByE="}},"a1+KFWG2N6L4y8o+kbrPIljgGXW+9wJ+yEfniMl05wE=":{"valueMac":{"type":"Buffer","data":"ABAjW8iisdI6NRT9eBZ8DdMARsyDneCenY2o1Jb71ws="}},"a2x15AFRyvMH5UkXhSYlubnUmjPT8+XXs/8UhosNHM0=":{"valueMac":{"type":"Buffer","data":"F0bKe3GaRMCr3ep4zSwMpv3kfZcxLbyk6RCbeSNOWOw="}},"bA4a0u5a4NtUtCs/pt+HV6MPZhQC56cc+lfeludjeFQ=":{"valueMac":{"type":"Buffer","data":"nvM3BrX3en3sgA4dsDNCO2kmLT1fTZT/gk2XLQwr/Rw="}},"bZTGMhZksxze6BAKJ7UGDjAdrZ6nC1S6Wk0CL9ygt18=":{"valueMac":{"type":"Buffer","data":"kRfTgnHRqQ65dT0qtnSmvMJuB5KnrUv6NXMmtaJuz3g="}},"bdGu2mbNjuarbzPGUgd0x4yPUIxn4wZz3PkUwABgbzs=":{"valueMac":{"type":"Buffer","data":"q1xG3PGIvN7WEVqifjJLOMbJD0QQlaZHvrSmoUV1+WA="}},"b1N6uuR3bffxZkFp/FxLoZzDwAMOouKtWIq3C3wnMBU=":{"valueMac":{"type":"Buffer","data":"v0GzB84kIMjK98c52vOSbRwReVPjY1zVb9x21MmsoIc="}},"b3/j1Q3y1C4i7VkUQtBn7VqEIoCPmjqWQ6B+H+RhcRk=":{"valueMac":{"type":"Buffer","data":"40e/3Lz9+rYXTZehE701ajxZCXsLGnrf+wvnyPtVLeE="}},"cNtsKAsaNQT3S92VAXyH29QJOoclP3vqtTaO7OXz/SI=":{"valueMac":{"type":"Buffer","data":"1F38DS2kKGRkHDUCnQyVbiNumTXYZkhB8C72+8JVpEY="}},"cWDqzwaEp+k6Cv+c4yLRwjXAdZaJ9RMt9eGBQcPfNNI=":{"valueMac":{"type":"Buffer","data":"b9lhHBdRXzo3Hfn8XK7n6lWTHqVjB02SWWhcgtAuBm0="}},"cbtU9y4HC6CR//3kBHOfTHDybQu2MVGn4bIWROdcXU8=":{"valueMac":{"type":"Buffer","data":"4nQFbxCqv4FeF97xXr+WEXI/xci8LvHje6MkUdLndPk="}},"cgmqn+CXDaKfksWAi1j6ooEfeTO2KgTL9EPDh4rKUZs=":{"valueMac":{"type":"Buffer","data":"Hm9bZhqgdHNBMWLo4Q2MzAR9gp1Udr2IogMn5pRKcYI="}},"conGw+YCFXjnFhdV3Pdt83Qdc4jzzJGPSENmng6YlsI=":{"valueMac":{"type":"Buffer","data":"fqvNMuSJTkCPEfeHCCCPwtDRzCSarDBQ9wfB8+IWypM="}},"cszub8Oaq80u+y8hIP+/NqFji2PotEolO0oDcnI0mmA=":{"valueMac":{"type":"Buffer","data":"NRF2eQhBL17alfxpKHmBfPZe0abOdHw55rGvKHFjw8k="}},"cxqyX19cL4OIMpjWjtvOE8A0eHnaPghJUjfqOiqpelg=":{"valueMac":{"type":"Buffer","data":"oTavRLi5zf1kzX1N1jX0OJBFb3FWmL/+cftNwjkttw0="}},"c0aah7AIbhyxQwK+t8cLBoCqQTnyiaJ+E2/o5E6OHwk=":{"valueMac":{"type":"Buffer","data":"OPQUKn+Lw2N+CK0radkV5OIPGN4XDEtdFWfKPYALDd8="}},"c2wrdXIg60ut6IKqZyVKqmSYhdvyMVSaESc23acGt6w=":{"valueMac":{"type":"Buffer","data":"tOsXANSGtYH0SXye5Ma5gfiEG8z2K3BIhf4wHA8QyH4="}},"c7p3yi6nnK28VUuz9SJnULFBr/Zsb/mDKus5J4txf4o=":{"valueMac":{"type":"Buffer","data":"FYPyhR/ZLpegT6gDzGqnvnDGIc97zQesZxkyDWvnqNE="}},"c8JnQb5OX+UGETb/L8nPNfuyd6j/nJzT9aT+xw23MBU=":{"valueMac":{"type":"Buffer","data":"skrknYNLSQCcnwlVRYgGWlxQVWQW7x5ytce688OW1sg="}},"dBRz8GmQgEj69FFUxLnx6GpLBvdKe3f7/QHHBT38dTI=":{"valueMac":{"type":"Buffer","data":"0S3MlJGzQEl/2g8Rw+YUPnCRoA2uO12+HhugltMv1mQ="}},"dJeR6R76w7NsCWPFBXCjb8n+C4kzVae30nYHBbKXa9A=":{"valueMac":{"type":"Buffer","data":"GnQBoDDkZRRlbARwkksoF84p+JQ7sMVU2+KKFsncu6w="}},"dRF3QNY7pwlrAOr2ZZuOh6BY5lg/X/iWrlbvFiDU+9s=":{"valueMac":{"type":"Buffer","data":"TCxhO/GG9/T16p7HIRD7PKgCPjBW/+CzjS5zMNB8AXY="}},"dStjN8wN6gt9b/thhQV0iCtfSeEuuissrZV9WsPBioA=":{"valueMac":{"type":"Buffer","data":"3t+InEAaTS2FlDFYhwH98mzQj9HMcrg3HMJE7oDgYY4="}},"dcVEBf4acpQujfOGrU+DpFzGkzX3b7ajz5ir4DbjUyI=":{"valueMac":{"type":"Buffer","data":"YdqhGJNgA3ExfEa80DjUvqiEV+HhyZzhI/9CLxXJSnM="}},"dgKL9iEhFYOsyUEYgVvFKJCcUSxp9b9orNQ7pb781ls=":{"valueMac":{"type":"Buffer","data":"zmKu5SkWih81LC2FrtTN74EyGF6UKR6keUBeICsua1A="}},"dgy+I6NcyFY/AjhqRIONNLoufoqnOnDiSTQiO5KYL3g=":{"valueMac":{"type":"Buffer","data":"ttjao7Gt3Uz4FyN20/q2m5eNL2/JgRrkiowww28zUag="}},"di2G+Vl+xuXZ++bA69UMOtI6zE8PWgGulqD4GXwPANY=":{"valueMac":{"type":"Buffer","data":"rTFS4KwFFsVU7e6FycqLdkFWMtmxByBvz89UPgaq1eY="}},"dlAAy4e1TFh4oHmS8A0KhhPeZNQrsc1xtouQxPBr3eQ=":{"valueMac":{"type":"Buffer","data":"JSZZ7OXCPOG2J4QAHRdCj96v8bBj/087uJjB9ZWena4="}},"d1qCcuYnjrAiVNl2liPXm1PK+f3whCe38TgyQRCgVL0=":{"valueMac":{"type":"Buffer","data":"afMg1WI5fWObsQgE4GPB2nHTwzi5/ntiGMDf0U474q4="}},"d15kc+7TnyHl0DYl9QvsuY21Dh7ka5LY65yZudTgfdk=":{"valueMac":{"type":"Buffer","data":"WKgqPW9b/S2QhqAaqGvRmU5wpr2wbJ0tzSE4QODGvSc="}},"eGU9X2xx22mjCywfDqVpKzIrosWI44zxp0IdNNYUcHo=":{"valueMac":{"type":"Buffer","data":"4ogvqzXXT5ooijkLBXstmSTSN6hDXQ/Nxk/rJTCUZ/k="}},"eIMlfGOs1kuU+qvG/Q5fCKLkvvEAPBPjkZ7bR5F+mQk=":{"valueMac":{"type":"Buffer","data":"Eccr6ynYsXKcN4rlo2jj8g1fHteOsWApcbhPaz0KV4A="}},"eL/sN6puhoHkHxbPxyZTJn+WfhO2QyNYMuWm24r3Sb8=":{"valueMac":{"type":"Buffer","data":"0DDPBxlH4DAXijzwpZZv8LR+0hqIJAEKFIgFhjlNdL8="}},"ez3tmu70s4hVhiL5EuIXgRsAWROTPX71VI1sspJrX34=":{"valueMac":{"type":"Buffer","data":"gw+YXLH2Njwmvp0Bzfzs7l36PdECrszBtiCpaH2T9yc="}},"e0hLxPjmGisY2iW3V0krOSXIDgsg+N5FQ+yAi9/oiDM=":{"valueMac":{"type":"Buffer","data":"dhhIkS3R35C8mVLGR5jSrHmAohOUyLshyTA7vKfmDLg="}},"e2v4MQvsh++i62nDohZieHbI86BNluSkCLM59/ghigs=":{"valueMac":{"type":"Buffer","data":"sptWzkbx7S/Nb10ETm3VyoTWQwnkJTftnnSZFce6ktI="}},"fBAoT5+FBiK4zoXtWMOUpiUmLCy4XAvTZd0GYkSwMlM=":{"valueMac":{"type":"Buffer","data":"VPvN6Gelfsbu4Ae+Sq9bYPsTAYptQvkAIForiROYSMc="}},"fG7TAjdev20jByp6cBFinmXgR88vQWHU3wkao50fF7w=":{"valueMac":{"type":"Buffer","data":"r8U50EW7yttT0iVqsNY5l6bU9ey7CNqAJzBgSQqYDSQ="}},"fIRsCSbkV8jRqTUFqfXRkjFOzOjAqSdUbqWXIpTpfF0=":{"valueMac":{"type":"Buffer","data":"w83WWspxU7SVdTsLIi+v962AfIsOdU2yS6cbZdCmnaw="}},"fcbjzYuRWflO09TVOJ8/wvW1dV2SwHo5ZFulNaXddvA=":{"valueMac":{"type":"Buffer","data":"8ptDFHbce+98x52buYtHAJ2JX+lpPQR0ENTaoJTn87Y="}},"fg0BniLS/xK5x6vZ/kxKKPX//n2nHyjo/zdYMMmvROk=":{"valueMac":{"type":"Buffer","data":"VN+SrC1+Pcce2X5N6t26T+jEbIgRDLk8i5td1f+hxKw="}},"frtUSeo+cf+8OSc9M76724mW4L0DPH06+1Y8kT+qRlA=":{"valueMac":{"type":"Buffer","data":"Q+aMXrOy8YpubS5le2VMq18lmMtrS6SWaxkQkvaxAW4="}},"fwP9CgQBHVkzZEez1aWsA9lm99UIUkcsUSRH2JDi6TQ=":{"valueMac":{"type":"Buffer","data":"XwxkQAyST5jE/NqvjFsGdBAAZLqUav3im2Wz2jkGeSE="}},"f0/3aO6ttZ/jGRtExlOhVRMtnvP9bzweTFacuAgnNEY=":{"valueMac":{"type":"Buffer","data":"bCIzfU5/zpDFOl3ZhHxvid2zyUjx3AIVVy0C79yzFOo="}},"f9JeYFwzVQmLEzFgBwH36MVUZCSq5dFbCyAMfwceAhA=":{"valueMac":{"type":"Buffer","data":"wLiOHEDddDkZTOZdthAFkquz9px95Rvh1RJzkJj9Gmk="}},"gCFvmBtGBvVdMd8HYwInkzn3UQECBARcgg46MdC6KPM=":{"valueMac":{"type":"Buffer","data":"XOTWcWUdD26m/lXYGPelGW+Z4RN7Dz9X6CEwp82gmrc="}},"gC8T26RRfzPhKs5ydN9dvaK1sGhrzyfWu/9o0jstEfY=":{"valueMac":{"type":"Buffer","data":"j+Y1FbaNw12BjOVEXH2LHGSZ/n5dSFnR4jA2374/NWY="}},"gZIzWfC9NuHWNBwOBIB1JIR9FtY1TSP5nyPDvkx7cpo=":{"valueMac":{"type":"Buffer","data":"Dw3KorMEIg4AaWo27UKgbwWQ0tt5sZCzZ9M6T8w8Abo="}},"gbMklVBqUGdGWGBm/RMlheYX9St51gQE9RgZHKhXPn8=":{"valueMac":{"type":"Buffer","data":"f79owgMHYw/MMwFk362Cp6s/qUOqpFMPfxuHESe9vb4="}},"goV2t7NIyCXR8z/mO0igmXJ/5Bi5nQ/zUl/drnsmxXk=":{"valueMac":{"type":"Buffer","data":"2Iiv4DW67A1EG2nPUrQzFsXBmqgt2MIS07/wLxVCpDM="}},"gxP7RWEInND8v+hc42GTMuFbBcJ3RIXfxVOSLRp4bH0=":{"valueMac":{"type":"Buffer","data":"B7NEOYl4J4RbL2QQNF7xbKjL1KvjuvmZAS5SgO03okY="}},"gyIhL/SiVkTInXDvigaxBFtxeOvtk8gSTvFg+BF/Cww=":{"valueMac":{"type":"Buffer","data":"s5LtJaORlV7ePHqppKl8v9A+0rsyAH88TLp6GJlIh24="}},"g3ISHlcvWWi1104PEG1ElqRyy4ClmUp1frgyeVcQ5Dg=":{"valueMac":{"type":"Buffer","data":"fQnqYdyLbqeNJq3OdHC6w8gX3/B2lPLVyAhtED/FVmE="}},"g70tBAdaaZmJm5+HAzwJj6ucTAFJY8pYeEckT0kuAdM=":{"valueMac":{"type":"Buffer","data":"JbEixjcI5ZxygcqSXjT1N3Ew5EpLn0yykVU3IzrEfEo="}},"g8rudtPbqHtnNmLL+ih3uWuoGxW6oPFJWShNu3t5O6A=":{"valueMac":{"type":"Buffer","data":"cChwTbH/gmkr+4dI2Lg8JXNX3xTz8VugKHZB532zyig="}},"hCxbsC/5895yLJAkxKJpxo2F2pBNo1gydJRvSAllgRI=":{"valueMac":{"type":"Buffer","data":"A8/wBLEpCHSs9IijlEDKYuiqK7wUY+9sXtHhRu9TW/k="}},"hE4HbVaL2mXzKxgOAJYITNEYJkiHvJa5473WqZLUSss=":{"valueMac":{"type":"Buffer","data":"lvP6UlxAANyZX3UTBCPOl89UkuVho7wZHzMrSn6mMPQ="}},"hG7yNw0Ct+Uyx0wRnIMXVw97W28eXCzYggAj7Vvx7ZE=":{"valueMac":{"type":"Buffer","data":"DBQovNEuOQg8nQOrK0nfMwjGm843tlDtzbdu+14IrQ4="}},"hImW1pKFK8FEKqGpWD3vp99h8eQ0t71ULrLj6oKlaJ4=":{"valueMac":{"type":"Buffer","data":"zPJTKIWoKvoR/Zs9/V7+MpL5cqDJhkJNc3rjbE5r57A="}},"hOQC3fbASMcewFUycsc9aGz1JZpfaoytR0p+VBoSrOk=":{"valueMac":{"type":"Buffer","data":"m82/73kizufNf9F7mvaMIlhFVHvbNp83YnJJ3pk4+YE="}},"hR2wLcnikLmtMkQrBMSMBrwmlBQVnNoqCPy+rQgbZvE=":{"valueMac":{"type":"Buffer","data":"pAYsiaJVch5677R8zXqw0k2NgzBC9fptzOEb+EIW41s="}},"hTpbI/5xkSNSD+dNi9VC4dbHX04pfZeLD62+JW5zoR0=":{"valueMac":{"type":"Buffer","data":"JWjVomGTM7LGKyf4OcdbWePWLeZUTLAoNr7HMndF4II="}},"hfcIeZNlit9Z/4WfFxyarABw5slaNaOy8xsyeUI7XtI=":{"valueMac":{"type":"Buffer","data":"e53qsrLfwDlDzjyX3GmblbunL2QcKM+oXufSejna9Ps="}},"hl1gXCUmUqO+A/zQ4JrR0vKnUDYoR57QW5L1nqwb0ws=":{"valueMac":{"type":"Buffer","data":"mW2GwbAiVoDCps015lRVqyLsaIGClnqYFq0FnFcGatg="}},"hl4MwjXZguSZ5viEnU0ucCmMz/168KCOlGEQ6F6aqAA=":{"valueMac":{"type":"Buffer","data":"ipXK1EieeZ8UhL6cWBTWb5SvfDu/j2jeg0oVCPs+1g4="}},"htoEahRfv0PJx43Zltq4jYCVjpDqSQEViJq6VoHRTcg=":{"valueMac":{"type":"Buffer","data":"8EjMKFDFxFkCJ6C5jyoirDzItj2Yi67T10pWU5E1DXM="}},"hvzTUuaYxBwBgQ4H8SRzTdKnX5WYLVDZn++L6W3Hh10=":{"valueMac":{"type":"Buffer","data":"908G3fzJsrBpktDNkcZL4VQ2GO70iKjTrQWQ96eR4x4="}},"iBvr9NuLR0RQDkuuH14A1BL0BxVy6ivH8O3kazdSS1E=":{"valueMac":{"type":"Buffer","data":"MdcvdiQ2u4mlsGZNNCpJCZMx9ZsF3gpE/QlREy0nC5M="}},"iHU0El2RAZ7OzJ5leBQ1tQam0xpwqO4e44Cy0GuXl8U=":{"valueMac":{"type":"Buffer","data":"RKncGih55YQ90uuk49XsNxhPng3niHo8Ds2hnU8Jn74="}},"iJfJZI/jne3ybjPy5Z0JaOVLxNFHZuXvx/5GNv4cI5c=":{"valueMac":{"type":"Buffer","data":"n9ZbgQFnsjQfrCkmdU88trJBmSfqehxChr/gQIuum6U="}},"iJ7ZxSoEn43wVSHTcCVf/ZRbbyZxLttbJ79uYV6IV90=":{"valueMac":{"type":"Buffer","data":"ZT7IXk33DpI+R8GOCOhuXrq4ozEejPPrnCKPenbQPjM="}},"idifDjw+D2BDR5cgAJu0d8mSkosAAVFnGX1wqqOYMLs=":{"valueMac":{"type":"Buffer","data":"XzM5hIXBe56qt9ke3xRNsAtMhgEzvH2JzT3WqOIP5bI="}},"ifEse3mM+5Bx62aGcKD6rVx5Pups64n+w0NtPh9VKr8=":{"valueMac":{"type":"Buffer","data":"dsNNAATsaABiRRrHZqiQJZiSe+Usduehs73/40kVEKk="}},"ifXpA9lBP2hjjH/J/bgGvK24KAMKOji9Ej6PIdICT5Y=":{"valueMac":{"type":"Buffer","data":"j4RpWLXRzrcECoZ54+ovZBDFZ7Omt3CPLngaD7/UDbU="}},"igcbkZs7meNIV57Uu/NJhMHrWum5KDHWq30ZZFmEVDg=":{"valueMac":{"type":"Buffer","data":"/2NRugbIsmqOZ2/xEjI+32LSetoj6hmx0np4HWk8XLI="}},"izAyueMyW7xRl2rkwnSECNb9nvFGWGW21DP8QJmazVI=":{"valueMac":{"type":"Buffer","data":"VewQ4bEcgwaRvz40sxjjLietR1jG8RzAKdZQFKLe8Ls="}},"izSF2a2Sxtdj1SMyJ6vJa1oSnNabl9tUlMTSTHRMbp8=":{"valueMac":{"type":"Buffer","data":"Prs7BFDivGe4/5RCiG5P9OmGRPqeFzbu08q00UAabtM="}},"i2Esy1ZxfNn/xd9cNamOSL47NlFiBlz1tIoaghh3sbo=":{"valueMac":{"type":"Buffer","data":"/fW5AChNhiiT+gJrlOLAK4ZOkW25Y3Z7qCWusQgnnLQ="}},"i30YhBfEiZh+eFDvL+KUFGr3dp4XfVh0BuEAqUHxFoE=":{"valueMac":{"type":"Buffer","data":"0czqkT0s0V9d2ryqOEt0X9yHcldjhL5RsJZQrlAG0vk="}},"i+AktthyhoowLvHVr+teWPf8PN7FkaCyrjKHm09y/LE=":{"valueMac":{"type":"Buffer","data":"ob4TBOQxN1dxvrXzVD51KodgPZ6jfz4xKafyuKCxWw8="}},"i/bW5BmxP+M36TLCk/8aN+a9LEAxNZGYjPGsRbR5tGo=":{"valueMac":{"type":"Buffer","data":"OU0drETPzPxmmyxQIQl6v39vbIH0gqgytTBe3m81iOY="}},"jIAFPZVKpPVt3TBlqhU2IkeYpmJM5fHRKplXjYBR6+Q=":{"valueMac":{"type":"Buffer","data":"YhozqtQy7da9vKePClZ8tV/pGBDEw8G1hTJkzv6TPRs="}},"jPwFjCrGMEo6uMhuKnrwYZh9mGM+fiRHeUBJvpo/5LY=":{"valueMac":{"type":"Buffer","data":"y5/esk73e5xRgD1LR0UX4PRbRKWuKPcydBcDRwVxuzo="}},"jbiro4Fg0PcOuq1R8Cn0/noxPoSKNnVSk32Q+1OtEvw=":{"valueMac":{"type":"Buffer","data":"AI4cIKAG8M38JHoN+uHzvAeXz6YnLSf01uPgBTundqo="}},"jcDymIzVCp01FYPfNV73BZj2oB1VOfcbgccCExB4ppk=":{"valueMac":{"type":"Buffer","data":"2hyQ60RjezJExPfkruMz8+GVkz8vKcPFTu6ngW6Cs7Q="}},"jiGRYnC0YyV9VhWZm3/BX1u3XcHLresoqR6Tobk6uIc=":{"valueMac":{"type":"Buffer","data":"nG6P3XytPISTnZJUG3ADiyYZTd6vgMFWAbhzZICsqx8="}},"jr0kzKPuU9+8QQCK0RdhSgX0j4KK8IdbMwYb1xEZuj4=":{"valueMac":{"type":"Buffer","data":"q2rU0hceG7T1U9QLqJ/iWOKr+MgH0ivrzyV1/5oi17k="}},"jwohStyfApbb4MShbONkgT6A3aK3b2TK8lYSxKiY8ks=":{"valueMac":{"type":"Buffer","data":"zGEAkBhG1MNmlTeKTPu8Md08ZIr05O+DWeLxv3A0CEA="}},"j3IyQKWRG9ec6FnRRCvwQ4Jk92muVkKKKfEPiUFl/G4=":{"valueMac":{"type":"Buffer","data":"HlHmIkz00SqHSmjSIstJoGeNcwDwsiDqtSGZNqpS8iI="}},"j/RgSPcpdQ4URBkDYNdP2pMUf1v901AS6pY6BoMrUhI=":{"valueMac":{"type":"Buffer","data":"dolqXDU8lwW/w2mpMeF60xh8XwZ5E8Sn3f7T4eNtjkA="}},"kFzdOoex6Z+L1Dz+rnKfQ0V9luERSsdzk9dCqWzaFH0=":{"valueMac":{"type":"Buffer","data":"7O706gnsj6xu/l5V2bb3zVefQvDA8H7RFfrJpbVYzXc="}},"kGNDWashSZRVV87gHYFk0dD/5vLMFI7QpplsMXQsTRA=":{"valueMac":{"type":"Buffer","data":"VSFgzRx6aWW4Ijn8M4onr+Adk3MtMQiSQx4dKpc6w84="}},"kNC/Qx+lpvxyZ+p0DJnxln+X+6MPfXmByobkHnJg+YM=":{"valueMac":{"type":"Buffer","data":"dKt5JlzMZshuD/CZHuRbPQsn+/aJKUNrOw4/OVtg9Nw="}},"kNhdS1Vh+8vyFdlb8/5rHS0gQyek1LZpfGmRSJn60D0=":{"valueMac":{"type":"Buffer","data":"F5D9mTpxeEmFj4WD6GEHLHLNtlQKQwBBhXZpajsuSFI="}},"kRA40YfpnZ/tFwHjr/rPaByqykWLQPON4uuaSjnM4TE=":{"valueMac":{"type":"Buffer","data":"R/xWDiALew5vESmSgX4Nl7O+5KEB1hxymJK68c8eRV8="}},"kaLFvJZMojAVJ8hO9fQ6VqJm2MJcANyHvqghHW0OVtI=":{"valueMac":{"type":"Buffer","data":"cfy9yQo+CRUhLo+Vgi0AmaeygXV6IxOkDpe6ssF+3y4="}},"kco5lghzBJ12JV6bH4BJMCbclkk9DcNliVWLl+6ACIs=":{"valueMac":{"type":"Buffer","data":"BFg49pNiI/MDXJD8jtzoLBFQdcYEds8NWqI8NNTDQnM="}},"kk7ZILCUVOaLgHlJbKlY4chT//nQESyJ7rYnZb4mgik=":{"valueMac":{"type":"Buffer","data":"7RdG8eY2AUNaOnF9pf6bRCGO06LCykew9gtpmqezpEc="}},"ks6fRvNoxk0U9BufZ5mXkWkF5D8wqLs2ZT3iDmZK7I0=":{"valueMac":{"type":"Buffer","data":"5/HMYlkESj5MfBMj6heMAeT63Gn6CUwYp0y/b+/sr4g="}},"lKaod2Pjy5WtLTjRBIWIKXBIVDeIkiavQHWMTGVUsNM=":{"valueMac":{"type":"Buffer","data":"eojWP1f1amXVDF83AS/5prUCPHTAYzYsrZ1BF8U+QfM="}},"lej1tCeQfCftaytFdS02d4gtjPkTMvy+8rv+wxPYJyQ=":{"valueMac":{"type":"Buffer","data":"dxa2mF/rbpSOZTZkMnrnhFIQvt5u1ynQ+bSpH8/qjiI="}},"ljZ07jL/qvlha35G966ptoMup6ty425iwO262doMJsA=":{"valueMac":{"type":"Buffer","data":"9BmgbBgzHeAWzOASfMLAzpkiklkXSnuOX/tmm2SaJGA="}},"lvpO2DnTva+KqlIMNKgAl9CH7T4dfIzsAMmuHmUNs00=":{"valueMac":{"type":"Buffer","data":"Ifl7vnY4z6imlYUUYTzhElD6SqDgPYVIHs61Bp9fyQk="}},"lyH/XZuPW0bN0g4vnjmjk8F0ePdIgybTuiLSkIxo7+k=":{"valueMac":{"type":"Buffer","data":"5Q+73eDlPwLhWoldvAt0bZY5fLvBGBjY8H8H6hJS4QM="}},"l0gmEturHEILK9xhFqNO+vdVvj4AY2aku4nZ4a1INBM=":{"valueMac":{"type":"Buffer","data":"BvjMLC2i1vXnj2BvxaI/3H2yqWrl+wLYR+AaTJNUIKc="}},"l+d/t43h709jiRgIxVMGCTQUmR6/IVWSZ6yY1rs+lmA=":{"valueMac":{"type":"Buffer","data":"9XdxNaVHmxiL8M+1k5NLSFC21RVQ3QZA0IDE6va/418="}},"mBpt67QNpA6tbmeS6xcZBUk0D02BFc6OpSXB44jLuOI=":{"valueMac":{"type":"Buffer","data":"GtlDYLw6QVokU50nlzFi7PxFk9wMIP8G15yt9NjQlNA="}},"mU15Ws1CABN7mn0R7pTO/IhmYLZ1XsnJYpoYVTzLJGw=":{"valueMac":{"type":"Buffer","data":"jCaCKZ0orRgH441wNNiRgAq/NYpbK/b31L35L+tAZ/8="}},"mX/IASc7isL4hHRC/kJpe7LaBPNyBhly6GREw+PBB/g=":{"valueMac":{"type":"Buffer","data":"mXZ+XQW8MZ+5aJNFBJ3X0mNc+vg/ltOPZVEg/Xv06pY="}},"mYsCWwcst9ak81ZLty78/A+yj+Hip7f1CnkAmidQ5TM=":{"valueMac":{"type":"Buffer","data":"CBmrXYbNUh0lOIE+azLnNCZHi6kgUqNdAifw7wI+oX4="}},"mc7CLFn7lOSKTmDrkS5U7HCMi4DjQONg5f/N8XzDuAQ=":{"valueMac":{"type":"Buffer","data":"bLP9YhS5oUhfA+DCaVw8uZOaIiNkii7+5UeZjszI1WQ="}},"mvaS45d4DGJQjJLQEZLu4AeTZAYXjmUOhCHPlR1NQrc=":{"valueMac":{"type":"Buffer","data":"3FBU5VWfXni/f+klZXTyqHfG3kyRoChAk1wfw65sTsw="}},"nGm3iFUSli+xoEvZy6lDy3oZXteL+XNOlCy9BnqkCTs=":{"valueMac":{"type":"Buffer","data":"kKuISASnq7Bj7amSS/7F/cXE5n9Wk9NvO4kmTEQQHaU="}},"nmU5G155/p0sfe4s29R0LPatUVxlichJSvDPOYc1B5U=":{"valueMac":{"type":"Buffer","data":"Uuf2+oy+cvQxbQJRz3IbIat2sTFVC4t65R/uqgXZvKo="}},"ntXXTSzCIFulx3297PkYX2x/UjCg6kLI6eVdwsgk6FY=":{"valueMac":{"type":"Buffer","data":"Fm513KdnoIxn72CwhU2oZhKY5vd2mqXg6GXiCndaTSw="}},"nvKO3J2r6X8QRsOkI1c+skLKhxkew9CxWUIzUPQ6oHo=":{"valueMac":{"type":"Buffer","data":"fcN3e4UWGp9pRUX0pHM8m13irqILVgas4X/jbf4XkFQ="}},"oEnCYsIMATZeXagDSO3E6eud2X5/jS3ZgxqGrSr+hGk=":{"valueMac":{"type":"Buffer","data":"QQjZlpF14r3/X9gtUnIRZEyeux/SIGxtDUBtNO/nYzw="}},"oGlr/YQj+XDZ9/isDdxpI5ZoacJlymHqvi4ZMAEYBjI=":{"valueMac":{"type":"Buffer","data":"t8JPYy8TA+Oz2blvMaaRb+hPf6ZmQ/5a1dH8qjyvl2g="}},"oHdEIrSnt2UfPiINETD4rDbQMDG3FebNmHJO1Ib9ll8=":{"valueMac":{"type":"Buffer","data":"LlMtcTds40UZTjJqQFaIHTY3709KO+DN67Clox+nICg="}},"oIWPG9fNjDrwtmCFyO6TJsYqcx9tQl2stJa+QsERZKs=":{"valueMac":{"type":"Buffer","data":"KzHdf4jM1oMmP2tanZF6sNBnGRs06BMOs6Gli+YkPRk="}},"oLNgd1yRI0WeD+ILATuw4v2MpOIvpfskE/GktDuuk6U=":{"valueMac":{"type":"Buffer","data":"Tis2ZX/907nLy3a5hFPwi8uXRyZpLU5oHocLUytdwok="}},"oMwTMnrVA32PyNk3j6uvZEDPACm5ypdsMJMIlNhLP+E=":{"valueMac":{"type":"Buffer","data":"py6NpnbDQH72vWadmaP0kQYuTj9a8sHQ1xty+/5ZAAY="}},"oR8pc7krCGHcvcBVtadsTuf4dpN2pd+dPcD2qOMCObU=":{"valueMac":{"type":"Buffer","data":"gX9nByEtfXnvPB4RvVfoxGVPvpzrTHa/YJXl934poCM="}},"oUPUwHxacUU4uyHNV7mPk6dArMCChGRJC7QMJvK+daA=":{"valueMac":{"type":"Buffer","data":"uRE9O8wnIi+I2vgsgppscK36KN6BGvVGcgj/aLtdXic="}},"osbJ0tIhOeaHV3y500ffmPoZrYoJ/PFMX7QTbuaLIrM=":{"valueMac":{"type":"Buffer","data":"F/as6oo9NnkAuPELIEY/+N4zTCzFycfniwFG87v7HQM="}},"oyaGT+151qjAl9Wq+jbUCuB5JzW6FU07XPFopuIoBlM=":{"valueMac":{"type":"Buffer","data":"X1YC7oIY1fcMTQERLK9bfacSdvT/fvtP9c64++2zCz4="}},"oz+MUZEjRwGkZyhD98b33URyh1CxAfrnMWIZ4bwCu6w=":{"valueMac":{"type":"Buffer","data":"JqX4PInURyulo6yUuGizCGxp0bWIubQ50RnNCecT14s="}},"o4k4zGmQqX+uuxGw7M0N0shkcDsPhWGLhH7cX9P0ncA=":{"valueMac":{"type":"Buffer","data":"qCONozBKnL43d4rnewNbKDHCrU5m0uABnqF19U+ENOk="}},"o8K3Ox5BAvDIRWPTjaSDIrJRg762FPUKfUgReu1Yd/w=":{"valueMac":{"type":"Buffer","data":"d8ZARMpgbs0pRbb9aPBFw4MxxQ+WhhvOnavUCk5cEL4="}},"o+m9u4IK+05Z5FbecAB6B9odkq8s3XRh0mOttqC4tYk=":{"valueMac":{"type":"Buffer","data":"/1UebG44QamzUOjS+C8Afy+eU9YgxfIG4y5Hf6CuFuE="}},"pDdohJLKSyDeWoi/4p0KDvqMN1ewKbdA8S4LcgFijFw=":{"valueMac":{"type":"Buffer","data":"lRQc1jGqKPrNehhOAnVBn2LAzdjKsb9GHCm5vZJ4qiY="}},"pNLtFxtOcyIN7tq5p11nQZnHYjKUvPJv8fRynM47BHM=":{"valueMac":{"type":"Buffer","data":"nmFBR75wfbbACaOrLidJ4XQx+jGs5lpg0J4BboqbE28="}},"pPI3Qtd+3jmcPEIZ7ggIiuAzaMdf+jAyMmRKtlxALzY=":{"valueMac":{"type":"Buffer","data":"yGi4W5kkOcw1GMbAU9BVXP0heRbFieiKFXJuDEVVz7g="}},"pUYATRxIN3CQFTf5A3eogUIkQ17IGQrQMN0wOJtfNPA=":{"valueMac":{"type":"Buffer","data":"gvYBRtg2elxrccqqWXpwmIG7Nt7yt+eWheGTIGqyrN4="}},"pYDLmZpLc56dE9KI4kKhWjcgeSzFfKyAhRcwxXsGVjA=":{"valueMac":{"type":"Buffer","data":"DN6smuI2T64RyX52efXD/DSsTMW3ThvhASK8HO6U44M="}},"pZzfyeN3hHBq5y3++6mUhOl1vcoeYTZZFdAkotnuLj8=":{"valueMac":{"type":"Buffer","data":"HjqkXZ+TKTE9YYzuxaHNCCnpL3sAwzTB18jqtk1ie+k="}},"pdoCRhaPge42Vys/Ccd+lmkdVDeh9yyAXKP2hV0iJW4=":{"valueMac":{"type":"Buffer","data":"J/TwiJFq69upQNNIbn2doxhoTOvCL1Ja77GnMDhc2b0="}},"pxp3OfEHrTsZ1CH4uDA/0CCwAswYWeTTpM6PSUYULoE=":{"valueMac":{"type":"Buffer","data":"sqPtGHt+5woT976niH9YqW5m2kbggyJbBY08n9BC9Cs="}},"pyyudlPinWnmc/o1k+1D5AN2W5VJ/S7RYo9V13YW1MU=":{"valueMac":{"type":"Buffer","data":"qGpr6LcYlnyMgP7imY6GImd3OmTbFeIlpcfat/8pJvw="}},"p3WGJD6RfzBxHjvlivtfmZQ0q/WBva/A1R3J3FJCbJ4=":{"valueMac":{"type":"Buffer","data":"l8Xgx2CFFRtWMh4mKEXKe1oFcnXI2yrLkLnJv+EACJg="}},"p4VomkNosXQG8aQMC/31QtXjLEyPu5TXG2Qow++aDYM=":{"valueMac":{"type":"Buffer","data":"CfbZLAIwBrMv+AdxoQz9P/qAOtSK8cZCYhVrHupmQSo="}},"p9msELXsJm98S0jmFyf3IdNOXtchwy/zUBKXJi0+kQc=":{"valueMac":{"type":"Buffer","data":"6F5EzlBhxrMJASrJzSsCE3CE7yIpOR8GVIHz1JH2eLc="}},"p+N1zGStNP+P9lYsreG4/3ODHgDVxOo5Ynnq6CRsv4U=":{"valueMac":{"type":"Buffer","data":"HOBXuMbwYhrCX+OZGe0zy50r5CuyGl0h9l7fOZsORsM="}},"p/EdOjWKsnbw+IKJ/+ImoTA1+2l6zp1Iqj5p2NzMNPQ=":{"valueMac":{"type":"Buffer","data":"csb02haJMxu3OmJJWWhwHxkuKI9fkOjqUsYNaf5jSJE="}},"p/0PZXfjMJo0aC3gyhCYXosx25rvMh4Hi+jX6SJ38pg=":{"valueMac":{"type":"Buffer","data":"1QwLx2rTGWlg/t+vUU4YTeWesigFvzAFcllK+r3kOcU="}},"qJ7TEIVPY0D3TXS+b8i56Gkp0YxpFtmGtJNx5WlAkSs=":{"valueMac":{"type":"Buffer","data":"T4E1/LX9p+OEjj83YPYrdzPCrFJXVzgVf6bJHGLpTr8="}},"qM6ux2lppqVQxD/3kgXUrlmrYzDlN+U44aW8AI4ft9Q=":{"valueMac":{"type":"Buffer","data":"OJR68g88JjpUOY6KBLR+a8TV8SoHJSUOV8NFZIn1ebg="}},"qY7+PpQiWnB47/u5WtIwgy+82ijKD7tI1WObyaeKXcc=":{"valueMac":{"type":"Buffer","data":"cr1XNhN5/VyLhiATNnvY1+kavsDN3OqLZhKEksn8cQI="}},"qkeEe6bDqmeLFDUHMR9XlICRhjsLGAbkHCCTo43SZVE=":{"valueMac":{"type":"Buffer","data":"aUHOrMD+9YSVFECw3S+5tE4MYQuxc8/9ynx760aGV8c="}},"qsCATU6HbAxP3CHnmr8MOuaMyyu1d85RR0+bl5jNM4M=":{"valueMac":{"type":"Buffer","data":"Xl+cCIpQUfpcBQl0y9TMJYLyyBhzxrVGiS0MbcS67f8="}},"q1ZGgGj8koU5WDdg46TKB54Su8t65fZsHrVyu24m9R4=":{"valueMac":{"type":"Buffer","data":"X3ikD4LQDmVHlIBbug1ziSyFoc33wUrln8m0Qg20t0Q="}},"q4uyz4oe1yi0HgCQHlpQHhkkIBeuK4m/LMQzNpPB+dY=":{"valueMac":{"type":"Buffer","data":"Dc8i3OXNBl39Lu/HZlRiwSwYQOn5embta1retbuMyuE="}},"q5+PKqePUQDRBmLsHXWraTP5oq3+3hHuL/EpScxO0l4=":{"valueMac":{"type":"Buffer","data":"uHFJXuhfxajbVOKXPK6uLUw2+GilFJqaRIedmKHR83A="}},"rCpUac0LnuvI4EmNFOuAhrsSxivVnxY3zYmuKJ3frnI=":{"valueMac":{"type":"Buffer","data":"+qSlm1IZ71gzogb2gPKDbpu2NEfqgMH0oSWd2iupDdQ="}},"rGwSuZNQlCES5JJmw6vm/qI1Sm6ncab0+N8J9YcGp7Q=":{"valueMac":{"type":"Buffer","data":"WgP2QfDFs/7m+y2mykxQ1QpoYPnwPRRrOwPPZuqztOQ="}},"rL1fAVMI2J4MpyE50c7MWw4t50D/OvN/vomSRwo4Xd4=":{"valueMac":{"type":"Buffer","data":"FckQMUY2m2jz/w4wbJSTmWCPU5/BSGnjFV+6G8/c5/c="}},"rMnLNkPlpUXMXOFCHpBqFOvKjgtpQc0JvY5/z9IREqY=":{"valueMac":{"type":"Buffer","data":"3WbNf0pnrFeh15Ezq1rbSopiyrpCcYAvVJOu6JeL3yc="}},"rMus7q01S/GcwWS77Q0gGq1RSWqOutdxbMkcg+9tRfg=":{"valueMac":{"type":"Buffer","data":"nzJ1/EIpzP+m3L27kfBqWmExNPH4eVOrNwXJHodXwbs="}},"rS8Ym34HZZT0hLI32Z1sYk+YfsV+PJ9Ww6F2FkKkYOE=":{"valueMac":{"type":"Buffer","data":"yerFo3p+Lx6o96ouQjAYuY90lIGvzXX6YnPBjKJaQ9Q="}},"rWnuDejpXz7HYpOTqJYKZzsrx42XVRUpgj0qzqr9D6E=":{"valueMac":{"type":"Buffer","data":"32WYfSMiM19t0RKhw/TxyYAwFRBqrfo2xAyTysValzo="}},"rhBdnsw/NJYa5w6hI8m24/zKHl+P2C9ih8ckIYilOeA=":{"valueMac":{"type":"Buffer","data":"/g4I+SaE6Ma6iJbkgbeoP3+b8tBP5d0AlnCgH23WzvQ="}},"rjEQQIKHpRLN+2eiTF8xp8XLJx6Mkz0mxLlZhRNh5vE=":{"valueMac":{"type":"Buffer","data":"ux+1q+a+uEbIZATwTfBbP8/MJ1TkVhgUSRvQUMqUwok="}},"rkAnvgcpyS9I7aI4oPF8MV5xANQA60jd1UsCntP3eEI=":{"valueMac":{"type":"Buffer","data":"/coGEecvBJnkdGP9SQNQAOvoJraDLtMHe5VC/RbSW7s="}},"rmc/5kiKsrzMDL8/ticAwMxN2WpmhL9D7T1Hxh4QpZw=":{"valueMac":{"type":"Buffer","data":"m+g7wi9cD+0XLpZfN3POypMEx/D7O4624y7f0SJlsTI="}},"rnAopJ5GjXBKHqojrf8lRGaRoc4qxJ/WdvG+oaOgr9A=":{"valueMac":{"type":"Buffer","data":"Az/12QLGxF+fTIm2vMty3oXUt3NfYMavARNzWQ+cwI4="}},"rri/n/XBh5EBGvPJRIvqB5SMGpFlcKo7W7fE7LQPntw=":{"valueMac":{"type":"Buffer","data":"qgSH1SNBTvOz66+vPxo4+7dadbEt3vXAtQs0EjNH8xg="}},"rsYwFBAF+ZCxhL6NIhtGceAfvkKqd9yZ9mOLYrDgR+o=":{"valueMac":{"type":"Buffer","data":"WBu1JyNe5A3CqZy/rd0g9bkvMxJoA3Z4aCE7xmLhvJA="}},"ru79ltyBGHQTSg+3FeLwp7qxCcctxPwbHtX8avsUa40=":{"valueMac":{"type":"Buffer","data":"aAcK9obzKOaQAKJc6j8uIBHlYOr2g9G71WNm/GwV5ek="}},"r1P/0w5ks+Swgns61OZhGtEsWIZFXMUgiITJ4xyFHZo=":{"valueMac":{"type":"Buffer","data":"iAznEXhONpMZ//NMH/HdRoAJGOhGEaW2pU/ZLVpC+nE="}},"r5gY7hyyH5b7Bp/hP/V/x53XkUgi1uVsHsgxqGDBZT0=":{"valueMac":{"type":"Buffer","data":"kVBeV2pPeei53I9A1TtAHFAzQ6ZxbNsjzva+xJ4PF4k="}},"r+HU5ZwC4pJOdCCngqMCmLnEC3H4Jd9vtKbm5EAVKE0=":{"valueMac":{"type":"Buffer","data":"IF3B6AA58i0XXcUSm1yTvdTcvgwPsDtgOHPSOWbHMZo="}},"sAD/o8cNgio4aTHUK4ww2rGuizfn8ua7U4C88/hGWoI=":{"valueMac":{"type":"Buffer","data":"a87dxQ6PXWimY47qHmkG1cwD+VuhFcNRDbh2nM5epxw="}},"sOsW75gO/GaLmB/84eFIh9kpcoxRQfrRBI0HqTel3vU=":{"valueMac":{"type":"Buffer","data":"2TL8Ualc6W0PFFby/YKaWNr6sby2J3globnlnw1pkxQ="}},"sT3KplRU0S5kUjohZ3SAOyaLlvOC/tY9dwu6W/6PQAQ=":{"valueMac":{"type":"Buffer","data":"pxD/3V0zfnreNodqcAEVQSZdCtKr7In+aZDNu5mu8Qs="}},"sYe7E7GP6rqumnVK81jhtF2V8JAVnul2vcpzXGv76UI=":{"valueMac":{"type":"Buffer","data":"beTBn3CDwwi3LWQza+Cmj5yjj3WanrK4Aotg9DufVTA="}},"sbK5GLxojvsRB8nJU262Dmk3tNk/RNt5RLZCvxskM3Y=":{"valueMac":{"type":"Buffer","data":"0anhGDuvZU2278jtuJNucNv94p+hFSLGTcEaMQNvqMM="}},"smSm2DzQayNSMY8K7YHa8kv9RmGPUdHFUhyV+YdzvCQ=":{"valueMac":{"type":"Buffer","data":"nYxLSFMOtUir5v7ihmxuLZzr113KZn6+MA70bqIZ2Co="}},"ssL7ZhntCJuflUbMGP3pBCzDr4PqI3B0cre8oglBf8c=":{"valueMac":{"type":"Buffer","data":"rOeC8l3PfmryjbXFlZg/gjSG3IbEJsx2MR9oUt+cA7w="}},"syFue6sJqx+jQVAs2yMjZKwWkQC1jc+a5pVm2I3nROY=":{"valueMac":{"type":"Buffer","data":"grPhW/tn1x1nyPqWvhDs56lA4H6uZrlNloZertpC42w="}},"syJTg6pk8V9+gwxt2gIfoRWwSudK3u+EvNzjHebYBPI=":{"valueMac":{"type":"Buffer","data":"kJ+94oK5Bgjnef+EdHnurJ/eZMzgtQXZgNoexLuMalw="}},"s1+11il7ojo7YGbcfU1gmnMyRujqn8ltzIN+jIOBH7o=":{"valueMac":{"type":"Buffer","data":"s+eFa+r32mQ4w3Bt3iz2kzlgBjf/QQyIJVy14tsTwNc="}},"tCxm2L478TriC8JgQAiLUg4zWewDbpFoAwebl78hgKU=":{"valueMac":{"type":"Buffer","data":"4c62Mb9AcB2sVYl6qg6lT3jqFAdGN/FjUOuRSk8PFJA="}},"tD+kylfe1wYWGj0dfKUmqdiShgXLFlUtOaOlOliaeiI=":{"valueMac":{"type":"Buffer","data":"WEqWwc1dsAcHA3szJl48rn1IjC4Bg7Fn3TfEgt4VhSY="}},"tF07Sg3ZAi8f4A4EYODk9t8lCPWySBJWPubEFNJwCSw=":{"valueMac":{"type":"Buffer","data":"qg5uE6Q8oeTN4FvgfjvUfgtFF6xHef4nBKrW8/GhsOg="}},"tNHHR0IsjxMTlGO5LYfY+ePbmmdpclpF8aF8F8PTUqw=":{"valueMac":{"type":"Buffer","data":"uVBofBqFJFnC1Sw0w23xPJniuVG4VBOFFI70sfE0AEY="}},"tRmM9qixFoaBXg5kCV+FdDN0qhv5N7flb94e+pdjMxc=":{"valueMac":{"type":"Buffer","data":"49BHGMwG4jTW3wqXp12CSkHKXv4RMcIkdAfDcNyoMzA="}},"tijn3t0rnSSKxu9NqpOaHVTEctEJewo+mQyPvy6V1pc=":{"valueMac":{"type":"Buffer","data":"BJPh5/W1xY+oEpdVcwEqL22hLzUpNiaRq4/ENxjao0k="}},"t6wcNScjqJU3boI7YUob+RQ2B+ABmwGhqgDXaPK6k38=":{"valueMac":{"type":"Buffer","data":"QLC3xJmDwGbV0Q1hJKYBFZ1EuEpqvtBHCr7Z4DjM8RQ="}},"t/BKdxRoNcApJ41anCRq2R+DtLFPhsJLMhUtGCZ91HI=":{"valueMac":{"type":"Buffer","data":"Qws8eIBtW5kcOT+8KKrB+6MTtSURc9G+tq9lPsU2WH0="}},"uWaaLR9OgA5Ss36yUMYhEBMhOsOvfaUImFx8cbcMzm8=":{"valueMac":{"type":"Buffer","data":"Vn70XNL6iNZlYEsPh70P/xiYxgf+sR+ZN2vD/ydK/pU="}},"uqMsa2aFcni/f77dEiUS49gvtx4vCO0KWjRPl8lSQYE=":{"valueMac":{"type":"Buffer","data":"ZTzg8cs2NaZX3yQcLhwtR9T8J7S1tISvnUuSgWS1D8Q="}},"usUZex5Fs7+1jcwbbqE+I4Rg1M/SI+DYznYRtqnxpYg=":{"valueMac":{"type":"Buffer","data":"mOAuwFwv2XTSn50wXpQ6dK3nkYsZcj7ZRcSFV0e7rZA="}},"u0NdOCforeSqG491iaxR85qfA28tZQZ80QlE766hR+0=":{"valueMac":{"type":"Buffer","data":"raTbVITP8rdSsTx362tPy6ZUE8+97pnMFfnoAqZzDsY="}},"u8ZZEIhWBT6ejK3X0I3PC4kG9Wnro2QUG/CydQ0LMiI=":{"valueMac":{"type":"Buffer","data":"Q2LbZoP0ZX2APc6mjncgek3AOZ5JRx9jWpFS3qYTodw="}},"vE3vlEnVJh6DZ6dqAzjmPm7kNWl1cI17YMijrMDDZT4=":{"valueMac":{"type":"Buffer","data":"Sz90vAyisUbgZRGa3PTdAq9u+AgQyMtQ2T5ZCotYIg0="}},"vV/w1jJBMJP65xoqVDbO0VS4N/UzmKSLylsIK0aOpzA=":{"valueMac":{"type":"Buffer","data":"orZgWUBewrgzE9zVAWzzgWG14Aet+lio3pzHsh3Sc/0="}},"vjJoz1fIpYHxvLOkZS2x1NnOi+sIb0M4WZjp3sDJKW8=":{"valueMac":{"type":"Buffer","data":"EaUPHq/HzIw+ITTqgd0VYDdHtQQPi/JdUAOZDy7CnAk="}},"vlf8j3varn21IXu6zEBJrGmmJvnucfd3yyGl+HB+XjM=":{"valueMac":{"type":"Buffer","data":"7D3zwqtZ9ymIBQdLf0rjgOy8t/mf1iqtj1LOY924yU0="}},"voTxfxyG19kBqDzsG/IBbSbZl2cKJZZVwZP1drW0Z8M=":{"valueMac":{"type":"Buffer","data":"euP+CiCRGlDCmsfunYfoAnSHzZAjPHk0vwWGxLgvtOY="}},"v7OjhEiCrR+KziOGz5Ue4X0cQfGeMspSajTRukxfn50=":{"valueMac":{"type":"Buffer","data":"liJYBnlqGU1MGzSeZsp5UdpDMJxgBAG265mCWVrVADA="}},"v9HZ06q/yRI8I0Hs9KYYBLeHyu0QGFt8fagfI2n3A7s=":{"valueMac":{"type":"Buffer","data":"C3/TxfNh8RcrvenKyCU82x9RqskDnt+FPyAd0ebvLDw="}},"wCFwrt/fMpJk0qIsLkTt3XJeA41PW/RoHHgKSVO/HDk=":{"valueMac":{"type":"Buffer","data":"lBFBRUgOwRK2+UIm9UgmKYzar8oL3YZR+C0bmA/7REk="}},"wE+Nh/li/NZcKocOqlNV4nCiVyVSnx14f06N7iMDUeg=":{"valueMac":{"type":"Buffer","data":"99EdSGJthsVhPrgD+ZCtAcTXwN7CHfFFA4tpQiOf4q0="}},"wH+U26pEjKQJ2SNtLjNczrsd72x5qkPuO2gjLE0I8JM=":{"valueMac":{"type":"Buffer","data":"gC+w56q7z0qSRA38dH5WATGUXLhiDWP6jql58wIFllI="}},"wKYWxdOgDHjNL3qWgRuJFNEcPbW4Kt+JbK4cuMdzW7s=":{"valueMac":{"type":"Buffer","data":"h+ecwoGgHAdzhs47c+2wjLAmxnmVeLH3aP/mDCi9b44="}},"wMyb9dyoUN5Uh9Ihi8h3vbO65KdQwOd4a019OZAWLnI=":{"valueMac":{"type":"Buffer","data":"QZ14qUQ3xYBGgIOjeORbrOAUbNGGq4GfTJyVlMbqa6I="}},"wPlucJHeOpb5BFSC37TCjKAVvxRuwsarJLc4aqDttQY=":{"valueMac":{"type":"Buffer","data":"nnerfoU6EX28scUb7psi88H4v914Z1rz9UgBQVMcpwo="}},"wYkfkRwdMzZQO9/21/rPk3Jzf1kguYWfBRKPBVkuH+I=":{"valueMac":{"type":"Buffer","data":"Nf3HijT0Whpid0PFH8TM1PWawVGMbWSTXMlBkQ/uO80="}},"wZEssnQx31+N1O89TRxL7ExGpW+k66BoYuy4lnnw8Z8=":{"valueMac":{"type":"Buffer","data":"CUo8k85NN3p2/KJLPCNA5klncnRIJX1b6W1CqcONRdk="}},"wiVmbpVpSlDaWTGQt7ELN6OJjYhay9YywdYZaUu+lGE=":{"valueMac":{"type":"Buffer","data":"5L156B6+FiTklsmQaYS9K+mAixrWgf9z2wfmIGEMDtk="}},"wnuQQ3gYV76gGk/cY09uJXtuR+7Aolkmyoi3MIrH2qE=":{"valueMac":{"type":"Buffer","data":"K21bzozKfPCPTHXAhN3bQWTPdO0Q7sJ+R91HDqC8d30="}},"wuVeDAhwgDIMx5ySIBjIzAr/+kF0/OrICRQU8BbL4E8=":{"valueMac":{"type":"Buffer","data":"12uROPcVBPOosbJ4EztVXV2F652mch518oH8YUxYVIA="}},"w+0NzhfSFyFmnEHCVzZWGwdtBL5RX3vKy7kgchoJmoY=":{"valueMac":{"type":"Buffer","data":"1pVLLB6S1j4NLHn3L1tMzr67LijV/4/hvzgOQFIPaBQ="}},"xAKQ7KEO2K7YTMH77P/BjsjkAi20GSgoylGqEK2NRVc=":{"valueMac":{"type":"Buffer","data":"58oxGW2LSWMmGIeqI2nic0KnOsysIy+UqDAP8A8HoTU="}},"xAbmXBtglX0jFLPyM12SzDVT921RMPBicmDmMFlu9K0=":{"valueMac":{"type":"Buffer","data":"JPQV7UzZfBm6JWNYZCOBEol9qO0W8kxVjuboRr1WRLk="}},"xC7gkykXHp2h21YGsyI6y5AIbR4+Djm14gnTjqFtl08=":{"valueMac":{"type":"Buffer","data":"Dk5bF3RtqgYzC5gbvXVHSRUrTm9EYt/1qYFck1VH/Nw="}},"xGp3/KuMPPqXPmoS+FAeMzaVhAUQg1m0cYK+MgDAMNA=":{"valueMac":{"type":"Buffer","data":"ot8KDTMKVgKJIDdY8OfgzG84yIPhMhp60Oh/ZniOkeI="}},"xKkcYvTu97O6CV3mdeTxdtbyc11L186Bmkk6S9m3m6U=":{"valueMac":{"type":"Buffer","data":"6YPaPXnC6gaB3+HXdtkhbjRRgM1KnFULVbNk8EFS/AI="}},"xSgvgJORKmLV6z9Shsq+X7HNAjbK3XKYBh8kNHFCV+0=":{"valueMac":{"type":"Buffer","data":"J5OM/M/x8C3qD84ocXgdvfe9bX9b7mnf4zuLlHzifYc="}},"xUpo4imrLTvO1+JzQ2QHl+qEZPy666rjrVWQu2e5xmo=":{"valueMac":{"type":"Buffer","data":"43INu+yvYHjCHxtqgByAcXpLz1bfgrtO0ZZ7V6LuhwU="}},"xYJXjislpk0bxyFsd5QRvodLjjuaF9weAW8BZ4F6QVA=":{"valueMac":{"type":"Buffer","data":"AjMJhfXuVCd6ablYG+jzyPE/Hij4tBrWQgKGg8H4po4="}},"xcZqj4ctP/RbaHKz+FuiqLBu9xHh/pyMTbCUix++82M=":{"valueMac":{"type":"Buffer","data":"ifnmFRnkrH4W7SgxC+Eds172GPaYfGnTJEV3iMyEYc8="}},"xeFiqZV05/TIqQUp8XD8gGYk4ix1NOfuUX/Xsy7/aok=":{"valueMac":{"type":"Buffer","data":"+WB+rz2SnsfxbtAlTPUJBTVZ+QbNeDecZDcuAnXPPHQ="}},"xnNs8gWBwM/Gr5b4wmaRoJEoNbjD3c+7bgl28TSptLY=":{"valueMac":{"type":"Buffer","data":"lMpzHMvCAxOs/HH+q91gAXtnvBXegY4tgkVgR+wHWC0="}},"xt2jdki9r1roG3nJkQ/Pj/YUOdkyOhyfltiD8jduAZY=":{"valueMac":{"type":"Buffer","data":"+ZWGZlsgeYrQ1ZfyuBqVTUcqhTLxbBxT4YtEfaYFlEI="}},"x5alpR3kRbBYNDAlEfKd3pl9hdvpc8ZE9RPfkIK+mew=":{"valueMac":{"type":"Buffer","data":"jlJwatCVBehO3FEtGoGsFTmpwVLADMSgFiCA1XKK/xY="}},"yAH9ZMLSveb7JJ36FQ2QP/+MLiMIp9kUUHLTPy/yiLE=":{"valueMac":{"type":"Buffer","data":"qkkED/IVgDy9Ed6juUhyFwKMoVRUo0zm34lLtEvHlj8="}},"ySXZcyTiXJF3ziEyhvzGDg+yvZXwak3YW/emafz1P5U=":{"valueMac":{"type":"Buffer","data":"ak8fLPUhU8G7IO+s17S18tUSlLHDiaCzGZrhyEjlXyg="}},"yX3q8nzGuUoZlEds9pxQKLyQlMb3fEZea1lZxFXayYY=":{"valueMac":{"type":"Buffer","data":"Wq5OfHvvUlfRBNZ5Fl3sP7Cd4xnowJzmtFUU2Xekfdc="}},"ybiWr/tYmrkn8lSqpPc8o836KO95gw49HNQN1jdhRMU=":{"valueMac":{"type":"Buffer","data":"Cv5sIpbMmSSBTbr2ZFKaLy531evb5969SBA0A7zRtBs="}},"yhwUUwxAPg/sXjrxLMB/dp1jfXDjpE5xEEcFOMop0L4=":{"valueMac":{"type":"Buffer","data":"eAMOuGD3oCRuJDvFqC1Mn4+JjawDCRM8/bQ5wAAHBh8="}},"yqPIBK+U+FoCkA1mLtw4MCp7XU20lfvb4R+NOEVint0=":{"valueMac":{"type":"Buffer","data":"0JQeq4Mlp4p992VDDH1o7JkgxNpJ/lNvPo8zhvKRFvc="}},"yzKrXjvjWwYKfW/x8BF2YTGccx57Wvzhs8v57dsO9QI=":{"valueMac":{"type":"Buffer","data":"TmyvFAcgK1a5veaxHPy+dlI9NftCe5usC448mzSuX24="}},"y2ZnlQH3a8m2klCZ0Oe2WAPwwbaSqmIB3wKv8GycSHQ=":{"valueMac":{"type":"Buffer","data":"EAg8iRXsts7KibFMHdSjQVe6yHeHPF8A28NrIwo4/QM="}},"y2qTrHnshxwVxlEbcALHPPMdo1F4cxCXepu4AS7QoJE=":{"valueMac":{"type":"Buffer","data":"mNXmK+h/FjNAHNMEDNSYWx16bvFCbWJ9TbDx5P8yIY0="}},"y43WLxiASjQIOwYlBXXdCiNCZ5B5xInLbqPM+YjijyI=":{"valueMac":{"type":"Buffer","data":"GjLmb7N+atMffU24QYChgvDh8D+fvB00qdoVpYKJ0ws="}},"zJ2SKPqsL8epIufS8myshrKuR7oleOJ/XMpqoCq4VQM=":{"valueMac":{"type":"Buffer","data":"kv3lVKzlY1fJ/RPfmQDljj15nWEOgKOToIdwk+6TlFk="}},"zeTrTvfSzgPY/kBEXCDlhIeHYAEeEp0mL8xnoia3gf4=":{"valueMac":{"type":"Buffer","data":"rl+cO+j2xu3puQePuYvA+KFVZCSiytHnm8BSEKlMtnM="}},"znekrT7zHRw9Ry+VrrtuZSwAgUn70E2+PKDTEHxSLxQ=":{"valueMac":{"type":"Buffer","data":"H9/H/eUFJdzTR9ktjiRzOzCGu7gV47xCuSXWmJjgqlo="}},"0G/GcZTfqfFQFfEtnwVFc1z+tX/ltjoMYjwQIcf+cAg=":{"valueMac":{"type":"Buffer","data":"6SHozXM1lxuylQVIE0qTW1oIf71zws1tsM8P8OScrTo="}},"0I8c5RWy78WY2kJQKXE7L/POp01RRp/go3qYs5c9MfY=":{"valueMac":{"type":"Buffer","data":"Xlh1H2nQGX2DctmX0LSr4by4yM4E/pswEdifqA9U4JM="}},"0Mr4kQ/NpEfAYhyuRV5lNJObsOJx4vfFN1KzE+Zbx8k=":{"valueMac":{"type":"Buffer","data":"w4nc5VGe9AIijBOl5zkVWTUOpkZFVrjhJmPaSa4k800="}},"0S/oOyNoTiZt9uwvVKczbag5MStnhFKQO6YE/iW8p3Y=":{"valueMac":{"type":"Buffer","data":"Y1JBGCx2nfhs3gFjg6I4v5a3zKd1xUD3toSzSH0+l2c="}},"0Udk36MqC4EOysbywKvcCxiQbpyDkIw7OnTNcVvdLc0=":{"valueMac":{"type":"Buffer","data":"CVZHxd4IT1LsWTYB7fTzmGzIbX14rahC1lm/CL0lGz0="}},"0hxRqUxbIA2jTwpMmoBAPS4aScJvpHFpGJhVyCZNHmw=":{"valueMac":{"type":"Buffer","data":"RadV35hC253zc6WyWHL8Chd7vAB8YT7FYwAXB74GW5Q="}},"0qLR3vBv85tWWii2EOzg5o96hL+8Grrw5g8IJlDnTFY=":{"valueMac":{"type":"Buffer","data":"irfXNRt4cpdwSsd4sbcsJJUOVMgtKiFrP5CP38y/Xi8="}},"0ys3Xj9YyTwiUV62v7wnZpsUFcqGyI3me865R+DY4VE=":{"valueMac":{"type":"Buffer","data":"00FLAAcN/NLBTj+J7ewZkJLvDYTx+D7ESShL/SFr3hg="}},"091MWxpKXitSoTTAJ0kA+/Oz1V33yk6me778n9WS0EU=":{"valueMac":{"type":"Buffer","data":"qkc08Ei6RIGrz4cRvW9FhsxBorATRn4YSnyNTRPSrc4="}},"091NjUUNbU/mtyN1wzizT2RRwTXd+FAXTMkqPhaFfkg=":{"valueMac":{"type":"Buffer","data":"aTDaw5U7KrebMqsGJEl65Cm1gc+13Xr8L2XfiES4N+E="}},"1AAh+mvJZoFjneub7n3El7mev9w6pkwk+V4lKl2VdMs=":{"valueMac":{"type":"Buffer","data":"UfqEfV0JQm5lwgTcRxW/i34Gf/cZD5cegotifI8nkgQ="}},"1GqMtcYXSyHEeynvh9p1loVl+rFGY4fYP7a+ivW8di4=":{"valueMac":{"type":"Buffer","data":"xCwYel243jTrbskkg9PvIExs+GZnaEqL7TXT0q3v/AY="}},"1KW04BJDxnNxdDGt1aAbgfZjEDxJU1EgcYcefPl5CGw=":{"valueMac":{"type":"Buffer","data":"VvIFvqhiI6kN0UX7NFamffJuqSAVR7NnP5IU20zpdGs="}},"1XH8RJc8906irAXwflzhSFjv3TPUwbgOlPBoEY6ckIs=":{"valueMac":{"type":"Buffer","data":"xFU6LbHai4FkG/anKowBRDDUpzBejXJXwx6QHFlJLk4="}},"1ZDf5jW+JDYPRxsZqd4J6FvQlTVXxE+clDfztiGsZRw=":{"valueMac":{"type":"Buffer","data":"/o7KmHL8tpz8Pbqj0UunZp3UEfBE/6svoTYgMdNOdkc="}},"1c7NXi5tIrYg4tXy4ry7l9pFYBUBteeasK06HpspbYw=":{"valueMac":{"type":"Buffer","data":"8DOVB9I0biieIcYAqmkX7aGGQRuCsmFuv18AFr+2YbU="}},"1xt9hlrOXKV/mgypjOHbhgCY5VU8VT4TrMSRil08azs=":{"valueMac":{"type":"Buffer","data":"NhwC6ASN4z8XQNWSLXUwWOaTTz0Jdy1Wd/6uIDlA5H0="}},"12Dw07V0Lf1gUaGG3byO+I03RdaL46QqIS8lchh9akU=":{"valueMac":{"type":"Buffer","data":"NIX14bhTKOQDgCD3gnFnRum0P0AtGHV1ZMizTCMGsHY="}},"12bLleXH8fDaKaUfekL3UBnDMEU9GJYNXbtvHiXkb3U=":{"valueMac":{"type":"Buffer","data":"gKft8cU2QD2LXqnG10Dz5izFlnT7W9eoF5rYaG1neuw="}},"1/To68ZO1lCTCFNb4XPl10D0NM+RFKxDchcjvcK2E0U=":{"valueMac":{"type":"Buffer","data":"FP/MiZTUK9o1asUrkLGKbRwbUf2Vn10MejU/gC2ujsI="}},"2VwDr0hxEHJE3YzJltF1kkmPNLtfNew895+XO2bhE58=":{"valueMac":{"type":"Buffer","data":"Bdpo7kOz9dIY/n4dcqnK+S4VAOBjlqder4hJFKDqO/U="}},"2bZQLcMvrZ523m4J00XyxL1/C5dUcDf3RjpqKRkI57s=":{"valueMac":{"type":"Buffer","data":"Tgf0l0uw0XiV+b713IrGLyer7da6Zt9/O+31+5e1rNg="}},"2gahNUiP4WtV8dRlrSav8YEbfbCo+SKuoH583+zXm0A=":{"valueMac":{"type":"Buffer","data":"8EPO1VutmIwSyV2A9T1MSuzC5eQ+jQCCYS+j8BJcEFU="}},"2ncCWx3G/lh3DDxauStBc/NKUfH65GTUrYF8Kifzleg=":{"valueMac":{"type":"Buffer","data":"QEvzOVo+3PZzgtFTQu09gnG20M99UC1eXt2be0E0+zM="}},"2ohQXHBwx6Y/YVLB1Pb9lDaNABRlwPMAgvPiVKvt34U=":{"valueMac":{"type":"Buffer","data":"IRaW5XEA9XIUbeRLk7XIo4vXAI2eJT6bORuuUebHBS8="}},"2pNACcR6gVI+cMtuAOJO2XfaScQ9T9vcI92W+U32Cwk=":{"valueMac":{"type":"Buffer","data":"rmet4n56CKx/KEAO3DUhqo0RAgZnnc+8dv1fhH1uZlQ="}},"2weGtcoi3nRxdP9YZ74yPyc/xx7+eait7qCkZGXAMlc=":{"valueMac":{"type":"Buffer","data":"pi/AaL9St/2NtNr1X6qMw4fSJAiBunNKl5pBDeZv7rw="}},"21KJtPN7yvtdkUUqeHn8CHHEsAoNYIrSx0fcXd0TzpA=":{"valueMac":{"type":"Buffer","data":"KutEaAAP7KvBH1jPY1t8zKaPPq/we9Jlnx82j1f09dw="}},"25SFELZxGUNOriZgO5sXENYlEQwY8vGStu6GEHkeUJI=":{"valueMac":{"type":"Buffer","data":"lZnJfGUjhnpu+2bpJFh3O5PgljnQFt874xDlrdUEDWM="}},"28mteEbR6rSgSZEumyF9t2kaIF20yeF3pPo6ebK9lZQ=":{"valueMac":{"type":"Buffer","data":"IKMkzsgWcBwg2AWfwZOmLBs0lHtfLsezixV1CQiPZnw="}},"3BQsyAl05WzY9JG/rcapGs7qf6Kv/JKVWvzlAeylupw=":{"valueMac":{"type":"Buffer","data":"HbXuD11gQATp/mQcE98Mnw+5Fft560gbWvDAiDdR8Mk="}},"3Cu6y2nKTIBa8v8vTtJEEua35X1beb1HNK/vkirZTLs=":{"valueMac":{"type":"Buffer","data":"P/e0PdFgySggxu4GJj9VT6nTgrwBVIgtveL8a53cLwk="}},"3F56+gUfmbqFjAvYaIK9xA3U9Fk3fEfY4BKLhG1JGD8=":{"valueMac":{"type":"Buffer","data":"cZFgKJFV9qCIhCQh7e5UCvQBVX8k0x0kIKouEalbLaw="}},"3MFrgeXXLsyusmGEVEvHLen6CXGOAyuWrRPFFN2whY8=":{"valueMac":{"type":"Buffer","data":"hubdBl5RU2wfuAoN/lQYZqmhURAcK477Ul7G8WdIang="}},"3MgPkuPpLZXIWvbo1hg5UEJu47+vkMaLSxyG+tgo6L0=":{"valueMac":{"type":"Buffer","data":"UEnk3XxF82layYBprsenDggThTlspfhipSdP1/dOHPQ="}},"3OjLRHme8Xta4v3RpgHvaTISmxVxQeywiCvEu5hfDPI=":{"valueMac":{"type":"Buffer","data":"VTOgFVMS+N4/bYNqeqNpfGc6IxinpMVA6+qzp1yJzfk="}},"3UFR3B03HwzsABhCT9x1KQbOu/pQzzeNKOBMzqr0n7Y=":{"valueMac":{"type":"Buffer","data":"8phs03kJtftmIH63qIwrpR1xD4Dj7NbzIlpDqi65k7o="}},"3jXSb9USyho6LP+ijOGrXnvNWq8UtccirrTjEBFWP28=":{"valueMac":{"type":"Buffer","data":"SxzliGIDW5i9HEgtv8m7duC2GBWN0Hid1hjS+qK85xU="}},"3lymZmdGykOBw0ECAYyQczeunGOkbdVUj2mRgB9ivjU=":{"valueMac":{"type":"Buffer","data":"8+DuNsM7w1viseNpxgQdUns3aVSg7r3YZrfSF+Ce4IY="}},"3nnEka3SMZdSu4CZyHXzF4B7BSFfrnG93AEcZ3PIv8Y=":{"valueMac":{"type":"Buffer","data":"XYcJ/buwIa2m+dUXrqOVh7WBYHhftaG2aQPdYyT90FE="}},"3qK/+L6grLjfuN5CiiLoTVAlsMOeqyIGfvOuDuT8ojk=":{"valueMac":{"type":"Buffer","data":"Mqy3drKy3KzlatGM7Qmo6lhBnlz9+hB0RR07pv1iCjQ="}},"31iIfPOrHkr5wLeKTQjUPNLO5VxQX7IfZu48FFEVRF4=":{"valueMac":{"type":"Buffer","data":"x3DQj8ZHyRw28haHxR4QqtXnUX0ZtAxyFDWKjOxpgz0="}},"4BSRezUxFx0t1ES+Mtc2HZnD9twkBDgJqLgwy7HZQNI=":{"valueMac":{"type":"Buffer","data":"CUa2odWFzjiwpXAnYTYWZ74JvcBtsJGzL/aUwpzPh8E="}},"4BWADr2tYEuQ62MdwkAqqvmfNIzm2+6G29lTCnHKYGM=":{"valueMac":{"type":"Buffer","data":"3cAjqx2qopV8IeYhp7EeiuXLiIA91+1mLVjgHWrPy2g="}},"4EH+UhjycJY0VyHJ993scX2mvz9/XKGRl5dft2zbRoo=":{"valueMac":{"type":"Buffer","data":"50/FKvafTXw+9u1XK/U+hoK9cc+bZCrAR+STok1SmGs="}},"4TZEXzJeupGz1NEdJjXPveTs8UH3L1Uv0TL7JmDbhBI=":{"valueMac":{"type":"Buffer","data":"a3z0UY1Xee8mxr+W8ZoljCuLp7siB5mK+1+esPYpj9I="}},"4dcCId06NMDQH0okezKC3609pf9xSfIVH753WdS8YqM=":{"valueMac":{"type":"Buffer","data":"xK6UD3g0JQQEC6M+fS85e8xaRAwXDHp0MVgf3YygL64="}},"4fqxWuJxDt5ImHt1KAEC/NaZBEy9wvTPQ9BQST5aRJw=":{"valueMac":{"type":"Buffer","data":"NxcWj9ggw/IA8FT6CpZtTrkXQB2bw1JYwOcNSFuYn70="}},"4u+VPIpCMRMaIRlV+GmWnQlI1hb23fB92F2RPGX/uus=":{"valueMac":{"type":"Buffer","data":"6+WlGSadGpo4FcGIiqQNF/u14hSstxqjSzFabyMeFGg="}},"4zY3mBDK/KOcCGk/bogDz64LhYStK5hcRexI2AxPSa8=":{"valueMac":{"type":"Buffer","data":"muDt1BIB0koEvjC/viZCBIf/ilHlanieOZOGMCEEQao="}},"46KTEhyZVIipKe3e6Cn3hWWjh0gCxRTD8eOmFrqml5s=":{"valueMac":{"type":"Buffer","data":"NgguJZA1ozOazBkSEw4c99j0+9UnjkRRy6haCnLbnB0="}},"46YfptaKxtODX5paQ+O2jcZ89QvAiRETkD+XyIpm6b8=":{"valueMac":{"type":"Buffer","data":"Y4LOyyHPi0n/iU1FMSAWLUAUdvNGOrJCVz66Sp+s6Ic="}},"4+uvPQO9ByfAUJUEQ42+o+NAcTFZee0rxNNGRIKyvFc=":{"valueMac":{"type":"Buffer","data":"veuzqqD1Zm1MI+Z+KtJZsCdKXXb0xbe/qO1Ln1R6i/8="}},"5Fkrj/OYvKk8AsVxBNzqq4VqmoWzwpx3Om/z2U/dv+o=":{"valueMac":{"type":"Buffer","data":"qTOtGGVbAarmwToWvSqxfaNAIDrlLJLIO2TssIhHrUc="}},"5PjafgnsjMaY8bxPo2Eg6NR9ifWNU/vCHQyQxlT00mQ=":{"valueMac":{"type":"Buffer","data":"tIsuMOB44nV0pJ7Jn/K6QsqD2Mq8ltN6RiqaJaCE6yk="}},"5QNbjugStoFt/zEHsDcf1tdr08ImIexHl0uS91QdlPQ=":{"valueMac":{"type":"Buffer","data":"1DQVrlvv27cfTeEig3fOqwORAI2GgOPIdBSOVP8Mm2k="}},"5R2b1fDT1ruzqrgQYxSxxt/93BoWptL0LRyeebGshpU=":{"valueMac":{"type":"Buffer","data":"ECd/j+JkjYMogEtoMvxCqNURzq/rI3DJ6rN2TnulEow="}},"5SAhwoBt5K07GSoqVyGa6CPo6P0PN2dOooJFPnGryKw=":{"valueMac":{"type":"Buffer","data":"Gxyph8YkjghVNUm6fP7oSBZweIGcxjXKEMMbGAm+opY="}},"5dd5E7xvNgjwhkn77MXUwwdsEUtNusVEmfvCflRCHj0=":{"valueMac":{"type":"Buffer","data":"h4do3asYtNyGMts8ZXYn6CZbpRu1NgAYPKbhlEL5WRk="}},"5snRdlrMvRrHkWgpBYZxRV19mP1wPxblQaAqMjkmaMU=":{"valueMac":{"type":"Buffer","data":"98jWlJnGqyTYmKETkRQKIfXhMbhXOMk0OX6+z+zBE6k="}},"5vcc9ztUTNIy60m0uIcI31dCIT+F7pSGXVYhDd3FTeA=":{"valueMac":{"type":"Buffer","data":"/yJ6OcgHOgtTaUaiuD2BRcy8S2xjz3DxDe6CV8kGOQA="}},"5yq3Z7nwJr0scsu77jmLFSBmrlofHwZddILynOmdwXs=":{"valueMac":{"type":"Buffer","data":"tMMUd+Y/mjEEKLEkUNxDGhno30H1clikB9s/3rLV8zo="}},"6CerVfn/7/Sedm/n0z8S6paXv2uvsPjYEvDCvzQLJNo=":{"valueMac":{"type":"Buffer","data":"BOQ1afj7QfFxcwXjK7frEmrHjywGi4/QTLISvrdKVN8="}},"6L9nNzdgXfDRXZY4n5G7QQZJUqKKr3uE6JP79k5yNI0=":{"valueMac":{"type":"Buffer","data":"8tSLplRnTmrKOx7V0uYMdaxJF6z37P/UBqILiK0gfio="}},"6PeivH7boXczm+LDpfMhaHVXMv0yzFPUujWnXkybhdI=":{"valueMac":{"type":"Buffer","data":"o39STESyLLy3WeB3Zqv0ZTX5Qt799t40MPcxAgMRL5c="}},"6R1RVwndUKN/G3S6a9IYBaXv82D4OzfemG8pJwgjvrI=":{"valueMac":{"type":"Buffer","data":"+eD3ldqhl0yHUcsJvLZsPgc9Is6XxvPKh5S1K7kL4N0="}},"6rUrcB96svm07ZsB8uBFHRdDphvhA4fUzIy3C5UF3Xo=":{"valueMac":{"type":"Buffer","data":"+hLb10bHpQEQNVC0mv4F9Rc9FmxTRLSaTqDNi4mFIX4="}},"6vrLqFhJiDuod9ex5I6i/nQxz7Dk+cYQ2u+9QhjZ2n0=":{"valueMac":{"type":"Buffer","data":"ohKqWExMFicwo8All7sRxGjJXoFlRg1QHZXF+NbTpcw="}},"6vy/xjwe0dyTfNuODNH11j3WskomayoeaZH5uY4nlVA=":{"valueMac":{"type":"Buffer","data":"nw6bjp5agE9TRw61zSNoh0qgQM4ljMxjR1I/e1xBJAE="}},"66O1IjYwCJdiOlRG6S0h/GOaNBwS0bgo4APbOPGKnrc=":{"valueMac":{"type":"Buffer","data":"raEUElPYpxf/AAhGe4NYd/JH6S+u5yTIXTmsouy6vbE="}},"68XECs0XPRPR3MehUSmzfYzRxM1LjVg5TxbraaERnps=":{"valueMac":{"type":"Buffer","data":"c3cKVcIHBn4kTbzL56e8gZ2b+2JcSs4r/H8sddFg1iw="}},"6/c/Bd9c5t0J7z/zxVqzqcgX0zL5o+JA1aBHp7aY/AQ=":{"valueMac":{"type":"Buffer","data":"qnOmQMLOzdO6+I+I4tMh9qmYkP0smy2R9vvBdUNq+Yk="}},"7DnzTnxlD513P9Xz8xGsVhWGJxIO8SHEGfH7JRcw1cU=":{"valueMac":{"type":"Buffer","data":"GTlygYGzoiP0R4BcMYnW78dfqBFqjQp0LZR00egHrGg="}},"7Iq0PakLutljuBg7KLwSJuhXFE+8cLhCywf1iqxG39Y=":{"valueMac":{"type":"Buffer","data":"L2fJriAlcufQbTv15/DrGbeW4Ake8PM6nVEOJzoc4zI="}},"7Lon0DgCMjVoFT6tF+iYuQlD9V3L9igTyaT9Wn/fvAE=":{"valueMac":{"type":"Buffer","data":"LHSby67BbCtu+Fevj8tKDXvRddfxqNCyiJ9ghy9sjn4="}},"7OD/NFVcHD/T4GZ8qtOjp8pFp8MSquhYVDj04oV2si4=":{"valueMac":{"type":"Buffer","data":"tdhStrdRN2KLoXetHiHZXWIATMxUFYoqYDwWrqXHGHc="}},"7gnBFItppeyisZoBweu/wm403rFGKCpXSnml0GckhKY=":{"valueMac":{"type":"Buffer","data":"xBA6Um+zPZsLjvZmoUXVhAQabL+h3I12+hIaU3Jq+cU="}},"7hksvJP1ZFCrQDxB1b4HQ7j6epfoyWgu2P9/889av3s=":{"valueMac":{"type":"Buffer","data":"H40pcwGOfGvA7lWGfxyjPQ2pdMuU1IiG0iXVpxch6Go="}},"7nW+IcA8FEIXHgg+O5UeMC97P0gyT5ge8aVUM7TYzSY=":{"valueMac":{"type":"Buffer","data":"pIw5B1NgS3JK6m1Ktoy9BnmbyO8mrcfuUi/4Q7TXVzY="}},"7ofynwr/w+jJdjHKydNJAd3fT0rsP9AyvbfxDoiy8mo=":{"valueMac":{"type":"Buffer","data":"fsbZ9XO9jgwEg/X8jFMtvtKJFlfKW+lfYPZNKNcHm6Y="}},"7pseZae97VnJKiKScyO5uiMUUnAxnC6u0WDjv0ZTJzw=":{"valueMac":{"type":"Buffer","data":"HNHCAJrzuNGPGlAN98Xvx5mKPrY1+eNVyvCt4IKFDP8="}},"790T4OrH38RR5TdYX7AgVQjxFInjiZ4iMX3rs7hZgwU=":{"valueMac":{"type":"Buffer","data":"38hsLZB6Hb7bHdCy9GWysip8VnElDuFC1Ne98te/yFw="}},"8JrJxR8XfzfrUWL6zTIQ/3Wj4aXhD3MkIaaNWfuxr98=":{"valueMac":{"type":"Buffer","data":"kFgvj03zTJgoy2ZBIejsUvQVozokqlAvRYByf/iBdjQ="}},"8J195p1Oj8jk63XLebwt2GxU337l7JKtMYEwFVlUdIw=":{"valueMac":{"type":"Buffer","data":"ksMfw6KSCOrq/agvvfWUXAJ0wsjz0reDw+YmQ7WP30Y="}},"8Xno21p62qHizwfH8iKXfajo7QPtklvCPVtwp0jBZ+Q=":{"valueMac":{"type":"Buffer","data":"WlVnXiw17s+DqbzWUcBET9X/2C4u5vw6Ye7RD1WdSpI="}},"8g0g/IL+ay1BHqu4hguhu5j2VynbuLuM5PhhTnnH3Nk=":{"valueMac":{"type":"Buffer","data":"L1w967Pa63Z6XNS24dxcTIIhbO8aJIVjdebDqT6C2GQ="}},"8iqixY/5HlsB343SjDwbKaFFynRs9EdsWRuuzYo/Q7Y=":{"valueMac":{"type":"Buffer","data":"60B2nOgBM2Fs6Dhp2WTa4J5a3K90z8YYhz1t/8rI2yo="}},"8nHUSi0ASwx1GsT62JAp2osCJ8gyxi3kxbuPDboNUvI=":{"valueMac":{"type":"Buffer","data":"yUO7lLArlxlxgcx++sCWDpBd5GEw/VBRKmRQhitLSTM="}},"8uKyjJvaKOLIJLPObhdcAU12mY5y9YyiyeohPTWskqg=":{"valueMac":{"type":"Buffer","data":"H740ZzOkEdipb1DtrqR87+bEjjm4VWLA/O4z+GC0HWA="}},"8vqCIm46Ev6SABUpgT1xlnoera/74lAsiE8to7Bzhas=":{"valueMac":{"type":"Buffer","data":"4GlPNIyDGD8gGISNOjA/a/t/F3+XOdD5PuFZ84Zyhmg="}},"89Ywa1Oseq7sxIKwtI/6kgTUUBJeQiO0gHryYNdosLg=":{"valueMac":{"type":"Buffer","data":"0l5e4uveeD+KSWsnVrnKfp1nJSsnoouro8WuhHc1wUQ="}},"9BfWdpbrutzc5XYtJqlAJEC3AltzbIz1PwyLBzC863M=":{"valueMac":{"type":"Buffer","data":"WNYJpY9Z6vQxBdtQOQZ55NgVDcSIhMZH5lyKgDiOjCo="}},"9E7xa1AYVLsveeSec7f1rkTDePPlDza5dwRtTqo6RpE=":{"valueMac":{"type":"Buffer","data":"GuudciwaxP0f5MOUJFn7TRuxB7sz7t0A51CdcVbXopU="}},"9IDM+t+NsNYOqDLq79udmMSiKAs+mweGs1cpu4Ga2VI=":{"valueMac":{"type":"Buffer","data":"T1p165xK0lzH5Fu0jqUUVF9yZ34RINZATrWydb23Zq0="}},"9k+tpDtC/qmEBPsjDn6aicPyvLCzxolVZ8Xln4+MtDI=":{"valueMac":{"type":"Buffer","data":"27WMCOelLyNMYdmi0GaYieYdj10nU/R3BqqkhF5FfiQ="}},"9tmwYvCmEBYueAu7DSwYX+yNyi5ZnhfqMbh+4Bunzwc=":{"valueMac":{"type":"Buffer","data":"AJvpXRuMjgudNENLU3WABsvcbPvbay9kr+bEvJ+3L9Y="}},"9zXFKqx0YDYUIV8+DMMxRGxYF6xD92QHNOOBZmE7AIY=":{"valueMac":{"type":"Buffer","data":"Xxk4GP5LVU0BrdsP2u3KndMMRNr7lyBg6uSzPbOFvBQ="}},"9zYexfuWyo9+FOPPC0RkAZruhJGwjy8nKJqjkkgRWbw=":{"valueMac":{"type":"Buffer","data":"lvDx0ntoGVR+TsH2ITw8a1VjUHGGqDkduGSFOnR/S+s="}},"9zlO+MV3p2Q1cEJXMsLfJGWSRMxSMC1ias/RC1yDe9c=":{"valueMac":{"type":"Buffer","data":"D9BTtHtsCYD2k3Jtw3LEacodLHEXd1AtrflceHIM0Us="}},"96oACIVe07D8yUIWmeoaayXbz9+9PVwZlo960uOoSQ4=":{"valueMac":{"type":"Buffer","data":"+waemOlsbJnJFAvzyZ0zVhU/2oc88W8tyUWKzUw4opA="}},"960qlDGtLgx8bS2fOmHscdt4UD4Ocdg94VA4WdKILsE=":{"valueMac":{"type":"Buffer","data":"GzYYzt1BUsrNmcuylLjlxqw/pROajuuE9LF2Y2D5ubQ="}},"+RbY97N5xNsjSyMvPNGYVHmSDVXv9VMJhNuSDHsfFDg=":{"valueMac":{"type":"Buffer","data":"8FviTJEgx1D0QOjLxa1YGLx2d6GdoE5cSm0At8tA1Yw="}},"+ju+vsfsZyI+Fa4QS3Z9NSkUHV8AiAKBCF40Pcnrrls=":{"valueMac":{"type":"Buffer","data":"wxD/8tGjQ8L7V+VDcq3lsJW/bFZGI8Wd9QI1qEGzyr4="}},"+kZ+xHkkITs0N9g6WxHPXnAzSA/WXl94VXwTwR+Rdyc=":{"valueMac":{"type":"Buffer","data":"RIBWHm+MWU09sK780K9wZ+vl8AvkUxU/NsCOxrRObd0="}},"+twGbqgO9vafZzpFFI1VGQIGvA/Yzx3vkF8Wu/RhAGk=":{"valueMac":{"type":"Buffer","data":"brW2HcxN82CjafK8vMnO05lJh70jmelFI+Pzm7bIj/w="}},"+8/uiAFJmfj6rEAFYKnVt8nOZN3Y4oExC+TiSEH5jf0=":{"valueMac":{"type":"Buffer","data":"hE7my9SIj0obfd/zpmMF2f57fy5MB9O+YL6ZyDUT7R8="}},"/AmtjDYud4SCQWohi++wHwT4zHyZE4qsheJ7WqsEjAs=":{"valueMac":{"type":"Buffer","data":"Pkm2rybQBUCcoXqsiMfgGwjnDVLR9xJzBS4fw7/1WpY="}},"/C6fekQeYmlKqj3E0X0P6+R3lgOqeQjwDKDklZAMxNE=":{"valueMac":{"type":"Buffer","data":"3/h4VYPsbiDUEC2o9ErTW2MQGR/hiim53odbRrUgIbc="}},"/FMomlsi19swB79kZ3BfscdfFJfdaz9eSljG8kWvt44=":{"valueMac":{"type":"Buffer","data":"IDbC/PwFgkQ+hcO3Gl/zJOd5D7WzuhU0Kc/bsE1Hiik="}},"/VOCy8/oco9lD8Ac7fd5nxPTsXYtdORs0tFbho9ANPA=":{"valueMac":{"type":"Buffer","data":"VuNDC3nIdVZvkySA52eF8OrZBR5hvScrXSsTRaPLYjY="}},"/dYEcjX6vsmXZK2g4Mc9BnKAcoJ5UsZLaVwHrDJHFWU=":{"valueMac":{"type":"Buffer","data":"NbSRf3FRpJQXqrm0e2+UoryCeHR/DjGD7N5eaN46Bkw="}},"/lftbku0zwLmCcEWrjSc3ya6nljenQS05kDnT1yCmok=":{"valueMac":{"type":"Buffer","data":"CTpun5Vnp/o1CWcdGel7bracBSWZKARxgdbsjKY/rns="}},"/lvg0p4wnQke30Jd6Pd3zK4Ha1Wr9nHV32f7M/Ym1MU=":{"valueMac":{"type":"Buffer","data":"AVNDoRG9wW0VZ8DSSzoyv4Zqp2fx08NYD65ucBTa7u0="}},"/vBXgOJG63ChChDZRZT5mPiCx/U0kOXPzRnBmWskKfc=":{"valueMac":{"type":"Buffer","data":"2ZUSKubdoR5X89zeEs7aWJsO3mxrQWBVIZssVBEUccE="}},"/xQYc0bbPFoRVRg21lyzTS37y++GQownEv6az4o4oRk=":{"valueMac":{"type":"Buffer","data":"XfYi3/rmNbCNhWzvwZwNyTJUw9iLyyHtiY9hm2il19w="}},"//arlLpjVy+OM/5XlTRUIamfcdQoLfQZUW4E6dAQ23U=":{"valueMac":{"type":"Buffer","data":"rIO2u0VEX47Iil6FqsdAeHLQueZkVyRcvePULkhTM70="}},"mFR2Ddr4Tz1NoygSknEAp3AMAe39GB6EmTpNETW9XJ4=":{"valueMac":{"type":"Buffer","data":"u0RxP/hT+N+LEe7qlBbLyAeVcJOPpRWxwSTxo+gvkYA="}},"n+B6SVlWMtpQZaIiRuZxTP1FHT1U3AQStWqtPc1JJaQ=":{"valueMac":{"type":"Buffer","data":"3wGGlTJ3WztzTWvCvq9GI/y2ZhXhHxP+na0/i9bcNTg="}},"TZ1tq1IJ7LhiwkXpeQvq+f0taWehw7aE+6i6cbzGiyQ=":{"valueMac":{"type":"Buffer","data":"Q5oa4FO2QUeWLi6AgATUEWg9rRCfVWMvUn9f2/6Njf0="}},"D4WFjtGdGlrY8D4mXCRbYqROLHmmCUL/nOpmmMnIwE8=":{"valueMac":{"type":"Buffer","data":"nuvBymQ1BXxa6O+jG9Ti3mALf0x3l0huXr+l+ig+7IA="}}}}