{"noiseKey":{"private":{"type":"Buffer","data":"wLFmgoGNofn3zipxBczFCr42tNGokG6zPtSZAZjMtHA="},"public":{"type":"Buffer","data":"T94MJDGoQls7VqoEJXk/gW56jS2J3hVFOvmo6K+32TY="}},"pairingEphemeralKeyPair":{"private":{"type":"Buffer","data":"SNcnfCV4U+AsAPhOSzxtIhHm/xuHs3BgES/PNjd2Vko="},"public":{"type":"Buffer","data":"vnjN0OkUqeSTXQsUt86XfCjsazAxdOlrFHT2kmK08Uk="}},"signedIdentityKey":{"private":{"type":"Buffer","data":"6O9UQMbm0ugNkb0vl9h4qCDXVL/jocBwTFaYRLPJ+V0="},"public":{"type":"Buffer","data":"870p4c06ygHz1hzsSSRKYRKQiWcfZ1jChOBVoOwPnQg="}},"signedPreKey":{"keyPair":{"private":{"type":"Buffer","data":"kNZdNEv+m9NA7hu7jIbqGOAp4cawIKyVFRKRwbchAmI="},"public":{"type":"Buffer","data":"uZCh1ffe2vockdO9SKzTJpLMvgk/umjz0uqwZlaYrGk="}},"signature":{"type":"Buffer","data":"6ZAPipW14st1KGCqnRvSCxFWyC/qc9yQmyQbi9I8E3f7C5WeaRHncQJfNG6v26wli4FMWDdFuBa3d5UbNfcUDQ=="},"keyId":1},"registrationId":235,"advSecretKey":"FEI+xP8herm8+PS/fiq2HswMwExzAlvcWLjABeEXNCo=","processedHistoryMessages":[],"nextPreKeyId":31,"firstUnuploadedPreKeyId":31,"accountSyncCounter":0,"accountSettings":{"unarchiveChats":false},"registered":true,"pairingCode":"HYMB4NQ6","me":{"id":"256711804893:6@s.whatsapp.net","lid":"153073288773733:6@lid"},"account":{"details":"CKz94LMGELmW98gGGAMgACgA","accountSignatureKey":"F7MShK45hzSD6E81zxKf8KWqPmPIx/MvfSUMoJACyi8=","accountSignature":"NCOWcMwRHtDNaEgaLAykD+/AoGzsUUvdTh82lj/rEP3qbaCS363gcvVNbB1qk7FNNnzWMRwMVv+/UG6D50dLCw==","deviceSignature":"veZYdv4kr83b7oA3G2/mS1gogL2UY5bai4Aj1OE+wPION2uuqjL7vJ1V84gQvavj8oRYU/S2koP9SVenLOFWCQ=="},"signalIdentities":[{"identifier":{"name":"256711804893:6@s.whatsapp.net","deviceId":0},"identifierKey":{"type":"Buffer","data":"BRezEoSuOYc0g+hPNc8Sn/Clqj5jyMfzL30lDKCQAsov"}}],"platform":"android","routingInfo":{"type":"Buffer","data":"CAgIDQgC"},"lastAccountSyncTimestamp":1764199239,"lastPropHash":"2P1Yhf","myAppStateKeyId":"AAAAACOr"}