{"_sessions":{"Bb51A+IAQsyIqmlsx9bdpoDLI2dnUSLX2XojntFwWKUI":{"registrationId":235,"currentRatchet":{"ephemeralKeyPair":{"pubKey":"BW3CG7ydOrD6POcmM01yvGC5f0hajopm+NW0Uql9bUoI","privKey":"KNT5n1w4gaYIdsRzgCyCk1poI2kxmr6d0QPQ74bwDW8="},"lastRemoteEphemeralKey":"BbmQodX33tr6HJHTvUis0yaSzL4JP7po89LqsGZWmKxp","previousCounter":0,"rootKey":"qoa7lG6o4dCm4t2Eu5rDGLnvKfx1Caz/cY1ogiB0aXM="},"indexInfo":{"baseKey":"Bb51A+IAQsyIqmlsx9bdpoDLI2dnUSLX2XojntFwWKUI","baseKeyType":1,"closed":-1,"used":1763562740891,"created":1763562740891,"remoteIdentityKey":"BfO9KeHNOsoB89Yc7EkkSmESkIlnH2dYwoTgVaDsD50I"},"_chains":{"BW3CG7ydOrD6POcmM01yvGC5f0hajopm+NW0Uql9bUoI":{"chainKey":{"counter":0,"key":"1A0q0cC50k+rAXYzli3GoUpxRv/aGnMA5Ot1xfUAorg="},"chainType":1,"messageKeys":{}}},"pendingPreKey":{"signedKeyId":1,"baseKey":"Bb51A+IAQsyIqmlsx9bdpoDLI2dnUSLX2XojntFwWKUI","preKeyId":7}}},"version":"v1"}