{"_sessions":{"BfL2PnSdfzTgexvRxY+rDvmf9Um5nH6veKwqA4I80dMP":{"registrationId":72,"currentRatchet":{"ephemeralKeyPair":{"pubKey":"BauGjZGHppossIQcgbuMj5LUYTVmJCQzNEAcxCheG6BJ","privKey":"YF83ztJvqTFPTD2TfAZNHfcEOnTo8VQXOrd+sFTdLFI="},"lastRemoteEphemeralKey":"BY8kuXSmLH6WTLQg7EzjYa3IAO1VuysvmCinxaZvJfUP","previousCounter":0,"rootKey":"GCYeS9DFd2VEzeKbv7E3Dv93p5ilLiiw9Fhl/MwVSVw="},"indexInfo":{"baseKey":"BfL2PnSdfzTgexvRxY+rDvmf9Um5nH6veKwqA4I80dMP","baseKeyType":1,"closed":-1,"used":1763562740877,"created":1763562740877,"remoteIdentityKey":"Bcvy7L0lVBgP4A+mcDqo68jw+E5fswsrJDlXHPCMlFAb"},"_chains":{"BauGjZGHppossIQcgbuMj5LUYTVmJCQzNEAcxCheG6BJ":{"chainKey":{"counter":0,"key":"cnvAmrl6tQ+HIv83gjj4DYGCx69G9Eu5U5HW6MLCrhs="},"chainType":1,"messageKeys":{}}},"pendingPreKey":{"signedKeyId":1,"baseKey":"BfL2PnSdfzTgexvRxY+rDvmf9Um5nH6veKwqA4I80dMP","preKeyId":25}}},"version":"v1"}