{"_sessions":{"BSQ1ppHAZFy5mM0Ov8RF6GxpTR4yX1+l9kG9qChzR25R":{"registrationId":9937142,"currentRatchet":{"ephemeralKeyPair":{"pubKey":"BYpLLCqyfzXkDXcY0F41t0M/3VsaHKA8bsVekLufRh54","privKey":"WO8djuWhCAevw21ByMuNRJMorPd89/116u5iccE/g2M="},"lastRemoteEphemeralKey":"Be/DdbxIhp9F+WSB8kcmWh78y+KeQnsxyRw5vJKPV5Bg","previousCounter":0,"rootKey":"oqh1ZQMGJCAIONqrLx1dq+DBI3VLBAxpZA9Fpet37Mc="},"indexInfo":{"baseKey":"BSQ1ppHAZFy5mM0Ov8RF6GxpTR4yX1+l9kG9qChzR25R","baseKeyType":1,"closed":-1,"used":1763562740859,"created":1763562740859,"remoteIdentityKey":"BfozDzkYXzF7Fz7VpFmSudX2D0PzXWWVj5qhRpSgH+Fu"},"_chains":{"BYpLLCqyfzXkDXcY0F41t0M/3VsaHKA8bsVekLufRh54":{"chainKey":{"counter":0,"key":"eK5O6ntmaH5OXaIAQhmIqDLbL8/5tRyyVYsF9IHRQZ0="},"chainType":1,"messageKeys":{}}},"pendingPreKey":{"signedKeyId":11551210,"baseKey":"BSQ1ppHAZFy5mM0Ov8RF6GxpTR4yX1+l9kG9qChzR25R"}}},"version":"v1"}