{"_sessions":{"BcCEyDbZYHvQt/fswRZwTAiPH1LTKCRL4DeZhvbMg6ZW":{"registrationId":1519359896,"currentRatchet":{"ephemeralKeyPair":{"pubKey":"BW2yKqWCMsdnFg54wMTxnEC73z/NIJC0HnG1cm2zUGsM","privKey":"mC15XHjd8BYqbo9Jv1v263vBWbUARdgPMYK8tmxeVlw="},"lastRemoteEphemeralKey":"BYQGgrxr4cue0VWfZdK/mIE8NqWQOI4ITvn5tXMxLj0g","previousCounter":0,"rootKey":"MDcvtb+hpAmJ71VIf3ioEYOMeCbF703g1i9Aro8dwFw="},"indexInfo":{"baseKey":"BcCEyDbZYHvQt/fswRZwTAiPH1LTKCRL4DeZhvbMg6ZW","baseKeyType":2,"closed":-1,"used":1763560258961,"created":1763560258961,"remoteIdentityKey":"BRezEoSuOYc0g+hPNc8Sn/Clqj5jyMfzL30lDKCQAsov"},"_chains":{"BYQGgrxr4cue0VWfZdK/mIE8NqWQOI4ITvn5tXMxLj0g":{"chainKey":{"counter":6,"key":"bSwl8zg+Bn/NxEYc36O0jEJU7qDT1Sls9o39BcLJ7FE="},"chainType":2,"messageKeys":{}},"BW2yKqWCMsdnFg54wMTxnEC73z/NIJC0HnG1cm2zUGsM":{"chainKey":{"counter":2,"key":"GvpxWvZAm6tqs7SkQFjoniEhJ5PdHTUJkwQizOatKpU="},"chainType":1,"messageKeys":{}}}}},"version":"v1"}