{"_sessions":{"BTpOWdMK1NLfukqCGFxMvG2QZGe9VAGIgp5cB1WLzCkj":{"registrationId":1519359896,"currentRatchet":{"ephemeralKeyPair":{"pubKey":"Bd/ohmtvkcQoXDKP9ENrffO4zKkusp6yPnVh5y643qNm","privKey":"2CgLd3hOUYZPZX0aZUtiLh1s/s13daTtItZN6+cxd0k="},"lastRemoteEphemeralKey":"Bcqu76GevHOVlAo0ohAWoo8zVgPczH6PntmA8iEXPYom","previousCounter":0,"rootKey":"AIILo1NRZLMUNVmJ2eFskpxw7kZGvVC0M8BprpwfFF4="},"indexInfo":{"baseKey":"BTpOWdMK1NLfukqCGFxMvG2QZGe9VAGIgp5cB1WLzCkj","baseKeyType":1,"closed":-1,"used":1763562740843,"created":1763562740843,"remoteIdentityKey":"BRezEoSuOYc0g+hPNc8Sn/Clqj5jyMfzL30lDKCQAsov"},"_chains":{"Bd/ohmtvkcQoXDKP9ENrffO4zKkusp6yPnVh5y643qNm":{"chainKey":{"counter":0,"key":"9PNSiwDaMA8+8HCMpn/xfKvqX2eOws95xk6XVR55BTY="},"chainType":1,"messageKeys":{}}},"pendingPreKey":{"signedKeyId":12961969,"baseKey":"BTpOWdMK1NLfukqCGFxMvG2QZGe9VAGIgp5cB1WLzCkj","preKeyId":6898299}}},"version":"v1"}