{"_sessions":{"Bbqza3CKxhmDSUUeii2R0SAlxg6aiZk1SbS2Wh5+0DtV":{"registrationId":104,"currentRatchet":{"ephemeralKeyPair":{"pubKey":"Be+VERX/5Jn4pBwk/Z+O4p9B3K6UIsjkpEmseF7afX0N","privKey":"oC7p4Tj+zwZNbEQvUR4Mkvh0+BSD9oVEiX3t4pEwD1c="},"lastRemoteEphemeralKey":"BcPQIXBQPgnDlkScaPy175xI3D1azledw7okfcY1noU6","previousCounter":0,"rootKey":"PDnswjjkRpLd1Dz+1N7rCmeEzbRC2IMeUUfEOLPpyBA="},"indexInfo":{"baseKey":"Bbqza3CKxhmDSUUeii2R0SAlxg6aiZk1SbS2Wh5+0DtV","baseKeyType":1,"closed":-1,"used":1763562740896,"created":1763562740896,"remoteIdentityKey":"Bfh7E03mkdM5gc3JPw2xaYRC4GapKvF/3K6P0ny49us+"},"_chains":{"Be+VERX/5Jn4pBwk/Z+O4p9B3K6UIsjkpEmseF7afX0N":{"chainKey":{"counter":0,"key":"sZHyHS2aSdpMGcSKoYemXXVPHaRIIjLMULh7rNvGAGc="},"chainType":1,"messageKeys":{}}},"pendingPreKey":{"signedKeyId":1,"baseKey":"Bbqza3CKxhmDSUUeii2R0SAlxg6aiZk1SbS2Wh5+0DtV"}}},"version":"v1"}