{"_sessions":{"BX9Lmxog3wN/cQrVF+r2T/ZO4fT7D0o+LfqbUP0uXc0p":{"registrationId":250,"currentRatchet":{"ephemeralKeyPair":{"pubKey":"BYMRdVP17ITYee/cJrahyVzuWlweb4QRYmRtzpbZGSwU","privKey":"0L692q5tjvR+kblQZpjPWdoHgrJp6rRORVhiD7IuaGI="},"lastRemoteEphemeralKey":"BQHIIHDBWcMorKA61FMNKZ4+EKlzZnkEqVTz7qd0/s1D","previousCounter":0,"rootKey":"Qxesfds33YiTjErmur2/jSaBa9IQ0XibUoVeM+k6LZQ="},"indexInfo":{"baseKey":"BX9Lmxog3wN/cQrVF+r2T/ZO4fT7D0o+LfqbUP0uXc0p","baseKeyType":1,"closed":-1,"used":1763562740868,"created":1763562740866,"remoteIdentityKey":"BfcDDForFMt10ttrRnSkxMOE79iToa3WDkBMd+lnBpg/"},"_chains":{"BYMRdVP17ITYee/cJrahyVzuWlweb4QRYmRtzpbZGSwU":{"chainKey":{"counter":0,"key":"6Ajw1ofP74FAIrpwjJsEkuR4orOPz9xMxPyj1jytIL8="},"chainType":1,"messageKeys":{}}},"pendingPreKey":{"signedKeyId":1,"baseKey":"BX9Lmxog3wN/cQrVF+r2T/ZO4fT7D0o+LfqbUP0uXc0p","preKeyId":14}}},"version":"v1"}