{"_sessions":{"Bd5f5B54dl1EYxc5jP3JWX9WnArMFSTruxUe+A8LwLFS":{"registrationId":928973373,"currentRatchet":{"ephemeralKeyPair":{"pubKey":"BSxcbbqErc0Vpcden9mvZ7xdR4plLPHjGdAHyJHeAiU2","privKey":"eJifoM+FwC4yF/LNDact+6/neLsg13dFVtyCRS+jh00="},"lastRemoteEphemeralKey":"BalKCziPcEaOay4chxvLPg+x6yCoHwfSA08YeBs/jrxe","previousCounter":0,"rootKey":"oKqhGFeSeU5tViZ9ZeVqtkVS3bwo6Lt15x21EAzzGzc="},"indexInfo":{"baseKey":"Bd5f5B54dl1EYxc5jP3JWX9WnArMFSTruxUe+A8LwLFS","baseKeyType":1,"closed":-1,"used":1763636304944,"created":1763636286504,"remoteIdentityKey":"BbmRGDw4/qdUL7053P3IcQr/kMqBzcVEssnvKAkwTXoa"},"_chains":{"BalKCziPcEaOay4chxvLPg+x6yCoHwfSA08YeBs/jrxe":{"chainKey":{"counter":0,"key":"p6/k9AF5FIQ7DLW7EJPVhCP174SPBg057xmQLvtSo2U="},"chainType":2,"messageKeys":{}},"BSxcbbqErc0Vpcden9mvZ7xdR4plLPHjGdAHyJHeAiU2":{"chainKey":{"counter":-1,"key":"VKJVciA0xkHle7CmE9OZTrJVVIHFgaIuCsZDWykDBCw="},"chainType":1,"messageKeys":{}}}}},"version":"v1"}