{"_sessions":{"BWkLxCQbOLquEHYsGUhARvm4JpcsgsAtPfD1//qRf5cU":{"registrationId":211219811,"currentRatchet":{"ephemeralKeyPair":{"pubKey":"BSAMAEle+yvReswbZJtNlw7EgtWfkUxYRoRHfxx13QIg","privKey":"GGv+31tromzuWnUECltq7oWx+D27BMR1nQxZ0K/fMkw="},"lastRemoteEphemeralKey":"BUv5rkRiMeGaeVdRsTojfAXExG9YZF4FkZYdyoLz/39t","previousCounter":0,"rootKey":"wxC6Mwo14bdohd7ZpLe2eyIflXFXlCIz47zJS16tPh4="},"indexInfo":{"baseKey":"BWkLxCQbOLquEHYsGUhARvm4JpcsgsAtPfD1//qRf5cU","baseKeyType":2,"closed":-1,"used":1764248029050,"created":1763562739232,"remoteIdentityKey":"BUVKiQ9HYlgULrn2so/fdsImNj1X7HoN7XdiUnIOzJkg"},"_chains":{"BciGAcI+Dh8zqEazpL4kTO5h65QY+DCx/KRp6zePJ8Us":{"chainKey":{"counter":0},"chainType":2,"messageKeys":{}},"BUv5rkRiMeGaeVdRsTojfAXExG9YZF4FkZYdyoLz/39t":{"chainKey":{"counter":6,"key":"5PyM3yp7AjIutwe7XH1OiLIK0lJyxP873gXGZb1YQFk="},"chainType":2,"messageKeys":{}},"BSAMAEle+yvReswbZJtNlw7EgtWfkUxYRoRHfxx13QIg":{"chainKey":{"counter":-1,"key":"ZajlQWw3SVASWF1FuGNI8BQbDv9B6QoAI5y12IvUfxw="},"chainType":1,"messageKeys":{}}}}},"version":"v1"}