{"_sessions":{"BcL3AvV4q5hjB+ps+HNQu+mUlqMD6oVzbMATNhECehEQ":{"registrationId":625887193,"currentRatchet":{"ephemeralKeyPair":{"pubKey":"BfzfpZdusjY1OzDMv3WZHtdP40tdY1t4Vzm0D7nhD38o","privKey":"SCfN9kcXsZgExZcOw5OJY/JDrgQfd4X2hAQQHp1p0FE="},"lastRemoteEphemeralKey":"BdRMHP1ViCA5C304iDMpLMZyCOSoB/tGogpMAH938CNm","previousCounter":0,"rootKey":"dw3iUNJTui7rpJVR17GusgKVnB74T0T4+uOFrufvqg8="},"indexInfo":{"baseKey":"BcL3AvV4q5hjB+ps+HNQu+mUlqMD6oVzbMATNhECehEQ","baseKeyType":1,"closed":-1,"used":1763562740851,"created":1763562740851,"remoteIdentityKey":"BRZY59n+oTFShQyntB7VroC2HV9n2dfaPGkb8wkmq4IG"},"_chains":{"BfzfpZdusjY1OzDMv3WZHtdP40tdY1t4Vzm0D7nhD38o":{"chainKey":{"counter":0,"key":"0eWwJZPGuQSL3fhROpXbviOGq6KqSw1UkkdATNvXlTk="},"chainType":1,"messageKeys":{}}},"pendingPreKey":{"signedKeyId":7531349,"baseKey":"BcL3AvV4q5hjB+ps+HNQu+mUlqMD6oVzbMATNhECehEQ"}}},"version":"v1"}